0 verbose cli C:\Program Files\nodejs\node.exe C:\Program Files\nodejs\node_modules\npm\bin\npm-cli.js
1 info using npm@11.6.2
2 info using node@v24.13.0
3 silly config load:file:C:\Program Files\nodejs\node_modules\npm\npmrc
4 silly config load:file:C:\Users\yatsusak\Documents\#packages\YukiAtsusaka.github.io\.npmrc
5 silly config load:file:C:\Users\yatsusak\.npmrc
6 silly config load:file:C:\Users\yatsusak\AppData\Roaming\npm\etc\npmrc
7 verbose title npm install
8 verbose argv "install" "--cache" ".npm-cache"
9 verbose logfile logs-max:10 dir:C:\Users\yatsusak\Documents\#packages\YukiAtsusaka.github.io\.npm-cache\_logs\2026-08-27T19_11_33_974Z-
10 verbose logfile C:\Users\yatsusak\Documents\#packages\YukiAtsusaka.github.io\.npm-cache\_logs\2026-08-27T19_11_33_974Z-debug-0.log
11 silly logfile done cleaning log files
12 silly packumentCache heap:4496293888 maxSize:1124073472 maxEntrySize:562036736
13 silly idealTree buildDeps
14 silly reify mark retired [
14 silly reify   'C:\\Users\\yatsusak\\Documents\\#packages\\YukiAtsusaka.github.io\\node_modules\\eslint'
14 silly reify ]
15 silly reify mark retired [
15 silly reify   'C:\\Users\\yatsusak\\Documents\\#packages\\YukiAtsusaka.github.io\\node_modules\\@babel\\types'
15 silly reify ]
16 silly reify mark retired [
16 silly reify   'C:\\Users\\yatsusak\\Documents\\#packages\\YukiAtsusaka.github.io\\node_modules\\eslint-plugin-jsx-a11y'
16 silly reify ]
17 silly reify mark retired [
17 silly reify   'C:\\Users\\yatsusak\\Documents\\#packages\\YukiAtsusaka.github.io\\node_modules\\@babel\\helpers'
17 silly reify ]
18 silly reify mark retired [
18 silly reify   'C:\\Users\\yatsusak\\Documents\\#packages\\YukiAtsusaka.github.io\\node_modules\\@typescript-eslint\\eslint-plugin'
18 silly reify ]
19 silly reify moves {
19 silly reify   'C:\\Users\\yatsusak\\Documents\\#packages\\YukiAtsusaka.github.io\\node_modules\\eslint': 'C:\\Users\\yatsusak\\Documents\\#packages\\YukiAtsusaka.github.io\\node_modules\\.eslint-uQRuqkLI',
19 silly reify   'C:\\Users\\yatsusak\\Documents\\#packages\\YukiAtsusaka.github.io\\node_modules\\@babel\\types': 'C:\\Users\\yatsusak\\Documents\\#packages\\YukiAtsusaka.github.io\\node_modules\\@babel\\.types-kGaqu50k',
19 silly reify   'C:\\Users\\yatsusak\\Documents\\#packages\\YukiAtsusaka.github.io\\node_modules\\eslint-plugin-jsx-a11y': 'C:\\Users\\yatsusak\\Documents\\#packages\\YukiAtsusaka.github.io\\node_modules\\.eslint-plugin-jsx-a11y-hmS6jjeM',
19 silly reify   'C:\\Users\\yatsusak\\Documents\\#packages\\YukiAtsusaka.github.io\\node_modules\\@babel\\helpers': 'C:\\Users\\yatsusak\\Documents\\#packages\\YukiAtsusaka.github.io\\node_modules\\@babel\\.helpers-dbf4yj49',
19 silly reify   'C:\\Users\\yatsusak\\Documents\\#packages\\YukiAtsusaka.github.io\\node_modules\\@typescript-eslint\\eslint-plugin': 'C:\\Users\\yatsusak\\Documents\\#packages\\YukiAtsusaka.github.io\\node_modules\\@typescript-eslint\\.eslint-plugin-rOrz5esp'
19 silly reify }
20 silly audit bulk request {
20 silly audit   '@alloc/quick-lru': [ '5.2.0' ],
20 silly audit   '@babel/code-frame': [ '7.29.7' ],
20 silly audit   '@babel/compat-data': [ '7.29.7' ],
20 silly audit   '@babel/core': [ '7.29.7' ],
20 silly audit   '@babel/generator': [ '7.29.8' ],
20 silly audit   '@babel/helper-compilation-targets': [ '7.29.7' ],
20 silly audit   '@babel/helper-globals': [ '7.29.7' ],
20 silly audit   '@babel/helper-module-imports': [ '7.29.7' ],
20 silly audit   '@babel/helper-module-transforms': [ '7.29.7' ],
20 silly audit   '@babel/helper-string-parser': [ '7.29.7' ],
20 silly audit   '@babel/helper-validator-identifier': [ '7.29.7' ],
20 silly audit   '@babel/helper-validator-option': [ '7.29.7' ],
20 silly audit   '@babel/helpers': [ '7.29.7' ],
20 silly audit   '@babel/parser': [ '7.29.8' ],
20 silly audit   '@babel/template': [ '7.29.7' ],
20 silly audit   '@babel/traverse': [ '7.29.8' ],
20 silly audit   '@babel/types': [ '7.29.8' ],
20 silly audit   '@emnapi/runtime': [ '1.10.0' ],
20 silly audit   '@emnapi/wasi-threads': [ '1.2.1' ],
20 silly audit   '@eslint-community/eslint-utils': [ '4.10.1' ],
20 silly audit   'eslint-visitor-keys': [ '3.4.3', '5.0.1', '4.2.1' ],
20 silly audit   '@eslint-community/regexpp': [ '4.12.2' ],
20 silly audit   '@eslint/config-array': [ '0.21.2' ],
20 silly audit   '@eslint/config-helpers': [ '0.4.2' ],
20 silly audit   '@eslint/core': [ '0.17.0' ],
20 silly audit   '@eslint/eslintrc': [ '3.3.6' ],
20 silly audit   '@eslint/js': [ '9.39.4' ],
20 silly audit   '@eslint/object-schema': [ '2.1.7' ],
20 silly audit   '@eslint/plugin-kit': [ '0.4.1' ],
20 silly audit   '@humanfs/core': [ '0.19.2' ],
20 silly audit   '@humanfs/node': [ '0.16.8' ],
20 silly audit   '@humanfs/types': [ '0.15.0' ],
20 silly audit   '@humanwhocodes/module-importer': [ '1.0.1' ],
20 silly audit   '@humanwhocodes/retry': [ '0.4.3' ],
20 silly audit   '@img/colour': [ '1.1.0' ],
20 silly audit   '@img/sharp-darwin-arm64': [ '0.34.5' ],
20 silly audit   '@img/sharp-darwin-x64': [ '0.34.5' ],
20 silly audit   '@img/sharp-libvips-darwin-arm64': [ '1.2.4' ],
20 silly audit   '@img/sharp-libvips-darwin-x64': [ '1.2.4' ],
20 silly audit   '@img/sharp-libvips-linux-arm': [ '1.2.4' ],
20 silly audit   '@img/sharp-libvips-linux-arm64': [ '1.2.4' ],
20 silly audit   '@img/sharp-libvips-linux-ppc64': [ '1.2.4' ],
20 silly audit   '@img/sharp-libvips-linux-riscv64': [ '1.2.4' ],
20 silly audit   '@img/sharp-libvips-linux-s390x': [ '1.2.4' ],
20 silly audit   '@img/sharp-libvips-linux-x64': [ '1.2.4' ],
20 silly audit   '@img/sharp-libvips-linuxmusl-arm64': [ '1.2.4' ],
20 silly audit   '@img/sharp-libvips-linuxmusl-x64': [ '1.2.4' ],
20 silly audit   '@img/sharp-linux-arm': [ '0.34.5' ],
20 silly audit   '@img/sharp-linux-arm64': [ '0.34.5' ],
20 silly audit   '@img/sharp-linux-ppc64': [ '0.34.5' ],
20 silly audit   '@img/sharp-linux-riscv64': [ '0.34.5' ],
20 silly audit   '@img/sharp-linux-s390x': [ '0.34.5' ],
20 silly audit   '@img/sharp-linux-x64': [ '0.34.5' ],
20 silly audit   '@img/sharp-linuxmusl-arm64': [ '0.34.5' ],
20 silly audit   '@img/sharp-linuxmusl-x64': [ '0.34.5' ],
20 silly audit   '@img/sharp-wasm32': [ '0.34.5' ],
20 silly audit   '@img/sharp-win32-arm64': [ '0.34.5' ],
20 silly audit   '@img/sharp-win32-ia32': [ '0.34.5' ],
20 silly audit   '@img/sharp-win32-x64': [ '0.34.5' ],
20 silly audit   '@jridgewell/gen-mapping': [ '0.3.13' ],
20 silly audit   '@jridgewell/remapping': [ '2.3.5' ],
20 silly audit   '@jridgewell/resolve-uri': [ '3.1.2' ],
20 silly audit   '@jridgewell/sourcemap-codec': [ '1.5.5' ],
20 silly audit   '@jridgewell/trace-mapping': [ '0.3.31' ],
20 silly audit   '@napi-rs/wasm-runtime': [ '1.2.3' ],
20 silly audit   '@next/env': [ '16.2.6' ],
20 silly audit   '@next/eslint-plugin-next': [ '16.2.6' ],
20 silly audit   '@next/swc-darwin-arm64': [ '16.2.6' ],
20 silly audit   '@next/swc-darwin-x64': [ '16.2.6' ],
20 silly audit   '@next/swc-linux-arm64-gnu': [ '16.2.6' ],
20 silly audit   '@next/swc-linux-arm64-musl': [ '16.2.6' ],
20 silly audit   '@next/swc-linux-x64-gnu': [ '16.2.6' ],
20 silly audit   '@next/swc-linux-x64-musl': [ '16.2.6' ],
20 silly audit   '@next/swc-win32-arm64-msvc': [ '16.2.6' ],
20 silly audit   '@next/swc-win32-x64-msvc': [ '16.2.6' ],
20 silly audit   '@nodelib/fs.scandir': [ '2.1.5' ],
20 silly audit   '@nodelib/fs.stat': [ '2.0.5' ],
20 silly audit   '@nodelib/fs.walk': [ '1.2.8' ],
20 silly audit   '@nolyfill/is-core-module': [ '1.0.39' ],
20 silly audit   '@rtsao/scc': [ '1.1.0' ],
20 silly audit   '@swc/helpers': [ '0.5.15' ],
20 silly audit   '@tailwindcss/node': [ '4.2.1' ],
20 silly audit   '@tailwindcss/oxide': [ '4.2.1' ],
20 silly audit   '@tailwindcss/oxide-android-arm64': [ '4.2.1' ],
20 silly audit   '@tailwindcss/oxide-darwin-arm64': [ '4.2.1' ],
20 silly audit   '@tailwindcss/oxide-darwin-x64': [ '4.2.1' ],
20 silly audit   '@tailwindcss/oxide-freebsd-x64': [ '4.2.1' ],
20 silly audit   '@tailwindcss/oxide-linux-arm-gnueabihf': [ '4.2.1' ],
20 silly audit   '@tailwindcss/oxide-linux-arm64-gnu': [ '4.2.1' ],
20 silly audit   '@tailwindcss/oxide-linux-arm64-musl': [ '4.2.1' ],
20 silly audit   '@tailwindcss/oxide-linux-x64-gnu': [ '4.2.1' ],
20 silly audit   '@tailwindcss/oxide-linux-x64-musl': [ '4.2.1' ],
20 silly audit   '@tailwindcss/oxide-wasm32-wasi': [ '4.2.1' ],
20 silly audit   '@tailwindcss/oxide-win32-arm64-msvc': [ '4.2.1' ],
20 silly audit   '@tailwindcss/oxide-win32-x64-msvc': [ '4.2.1' ],
20 silly audit   '@tailwindcss/postcss': [ '4.2.1' ],
20 silly audit   '@tybys/wasm-util': [ '0.10.3' ],
20 silly audit   '@types/estree': [ '1.0.9' ],
20 silly audit   '@types/json-schema': [ '7.0.15' ],
20 silly audit   '@types/json5': [ '0.0.29' ],
20 silly audit   '@types/node': [ '22.19.19' ],
20 silly audit   '@types/react': [ '19.2.14' ],
20 silly audit   '@types/react-dom': [ '19.2.3' ],
20 silly audit   '@typescript-eslint/eslint-plugin': [ '8.68.0' ],
20 silly audit   ignore: [ '7.0.6', '5.3.2' ],
20 silly audit   '@typescript-eslint/parser': [ '8.68.0' ],
20 silly audit   '@typescript-eslint/project-service': [ '8.68.0' ],
20 silly audit   '@typescript-eslint/scope-manager': [ '8.68.0' ],
20 silly audit   '@typescript-eslint/tsconfig-utils': [ '8.68.0' ],
20 silly audit   '@typescript-eslint/type-utils': [ '8.68.0' ],
20 silly audit   '@typescript-eslint/types': [ '8.68.0' ],
20 silly audit   '@typescript-eslint/typescript-estree': [ '8.68.0' ],
20 silly audit   'balanced-match': [ '4.0.4', '1.0.2' ],
20 silly audit   'brace-expansion': [ '5.0.9', '1.1.18' ],
20 silly audit   minimatch: [ '10.2.6', '3.1.5' ],
20 silly audit   semver: [ '7.8.5', '6.3.1' ],
20 silly audit   '@typescript-eslint/utils': [ '8.68.0' ],
20 silly audit   '@typescript-eslint/visitor-keys': [ '8.68.0' ],
20 silly audit   '@unrs/resolver-binding-android-arm-eabi': [ '1.12.2' ],
20 silly audit   '@unrs/resolver-binding-android-arm64': [ '1.12.2' ],
20 silly audit   '@unrs/resolver-binding-darwin-arm64': [ '1.12.2' ],
20 silly audit   '@unrs/resolver-binding-darwin-x64': [ '1.12.2' ],
20 silly audit   '@unrs/resolver-binding-freebsd-x64': [ '1.12.2' ],
20 silly audit   '@unrs/resolver-binding-linux-arm-gnueabihf': [ '1.12.2' ],
20 silly audit   '@unrs/resolver-binding-linux-arm-musleabihf': [ '1.12.2' ],
20 silly audit   '@unrs/resolver-binding-linux-arm64-gnu': [ '1.12.2' ],
20 silly audit   '@unrs/resolver-binding-linux-arm64-musl': [ '1.12.2' ],
20 silly audit   '@unrs/resolver-binding-linux-loong64-gnu': [ '1.12.2' ],
20 silly audit   '@unrs/resolver-binding-linux-loong64-musl': [ '1.12.2' ],
20 silly audit   '@unrs/resolver-binding-linux-ppc64-gnu': [ '1.12.2' ],
20 silly audit   '@unrs/resolver-binding-linux-riscv64-gnu': [ '1.12.2' ],
20 silly audit   '@unrs/resolver-binding-linux-riscv64-musl': [ '1.12.2' ],
20 silly audit   '@unrs/resolver-binding-linux-s390x-gnu': [ '1.12.2' ],
20 silly audit   '@unrs/resolver-binding-linux-x64-gnu': [ '1.12.2' ],
20 silly audit   '@unrs/resolver-binding-linux-x64-musl': [ '1.12.2' ],
20 silly audit   '@unrs/resolver-binding-openharmony-arm64': [ '1.12.2' ],
20 silly audit   '@unrs/resolver-binding-wasm32-wasi': [ '1.12.2' ],
20 silly audit   '@unrs/resolver-binding-win32-arm64-msvc': [ '1.12.2' ],
20 silly audit   '@unrs/resolver-binding-win32-ia32-msvc': [ '1.12.2' ],
20 silly audit   '@unrs/resolver-binding-win32-x64-msvc': [ '1.12.2' ],
20 silly audit   acorn: [ '8.18.0' ],
20 silly audit   'acorn-jsx': [ '5.3.2' ],
20 silly audit   ajv: [ '6.15.0' ],
20 silly audit   'ansi-styles': [ '4.3.0' ],
20 silly audit   argparse: [ '2.0.1' ],
20 silly audit   'aria-query': [ '5.3.2' ],
20 silly audit   'array-buffer-byte-length': [ '1.0.2' ],
20 silly audit   'array-includes': [ '3.1.9' ],
20 silly audit   'array.prototype.findlast': [ '1.2.5' ],
20 silly audit   'array.prototype.findlastindex': [ '1.2.6' ],
20 silly audit   'array.prototype.flat': [ '1.3.3' ],
20 silly audit   'array.prototype.flatmap': [ '1.3.3' ],
20 silly audit   'array.prototype.tosorted': [ '1.1.4' ],
20 silly audit   'arraybuffer.prototype.slice': [ '1.0.4' ],
20 silly audit   'ast-types-flow': [ '0.0.8' ],
20 silly audit   'async-function': [ '1.0.0' ],
20 silly audit   'available-typed-arrays': [ '1.0.7' ],
20 silly audit   'axe-core': [ '4.13.0' ],
20 silly audit   'axobject-query': [ '4.1.0' ],
20 silly audit   'baseline-browser-mapping': [ '2.11.19' ],
20 silly audit   braces: [ '3.0.3' ],
20 silly audit   browserslist: [ '4.28.8' ],
20 silly audit   'call-bind': [ '1.0.9' ],
20 silly audit   'call-bind-apply-helpers': [ '1.0.2' ],
20 silly audit   'call-bound': [ '1.0.4' ],
20 silly audit   callsites: [ '3.1.0' ],
20 silly audit   'caniuse-lite': [ '1.0.30001810' ],
20 silly audit   chalk: [ '4.1.2' ],
20 silly audit   'client-only': [ '0.0.1' ],
20 silly audit   'color-convert': [ '2.0.1' ],
20 silly audit   'color-name': [ '1.1.4' ],
20 silly audit   'concat-map': [ '0.0.1' ],
20 silly audit   'convert-source-map': [ '2.0.0' ],
20 silly audit   'cross-spawn': [ '7.0.6' ],
20 silly audit   csstype: [ '3.2.3' ],
20 silly audit   'damerau-levenshtein': [ '1.0.8' ],
20 silly audit   'data-view-buffer': [ '1.0.2' ],
20 silly audit   'data-view-byte-length': [ '1.0.2' ],
20 silly audit   'data-view-byte-offset': [ '1.0.1' ],
20 silly audit   debug: [ '4.4.3', '3.2.7' ],
20 silly audit   'deep-is': [ '0.1.4' ],
20 silly audit   'define-data-property': [ '1.1.4' ],
20 silly audit   'define-properties': [ '1.2.1' ],
20 silly audit   'detect-libc': [ '2.1.2' ],
20 silly audit   doctrine: [ '2.1.0' ],
20 silly audit   'dunder-proto': [ '1.0.1' ],
20 silly audit   'electron-to-chromium': [ '1.5.415' ],
20 silly audit   'emoji-regex': [ '9.2.2' ],
20 silly audit   'enhanced-resolve': [ '5.24.5' ],
20 silly audit   'es-abstract': [ '1.24.2' ],
20 silly audit   'es-abstract-get': [ '1.0.0' ],
20 silly audit   'es-define-property': [ '1.0.1' ],
20 silly audit   'es-errors': [ '1.3.0' ],
20 silly audit   'es-iterator-helpers': [ '1.4.0' ],
20 silly audit   'es-object-atoms': [ '1.1.2' ],
20 silly audit   'es-set-tostringtag': [ '2.1.0' ],
20 silly audit   'es-shim-unscopables': [ '1.1.0' ],
20 silly audit   'es-to-primitive': [ '1.3.4' ],
20 silly audit   escalade: [ '3.2.0' ],
20 silly audit   'escape-string-regexp': [ '4.0.0' ],
20 silly audit   eslint: [ '9.39.4' ],
20 silly audit   'eslint-config-next': [ '16.2.6' ],
20 silly audit   globals: [ '16.4.0', '14.0.0' ],
20 silly audit   'eslint-import-resolver-node': [ '0.3.10' ],
20 silly audit   'eslint-import-resolver-typescript': [ '3.10.1' ],
20 silly audit   'eslint-module-utils': [ '2.14.0' ],
20 silly audit   'eslint-plugin-import': [ '2.32.0' ],
20 silly audit   'eslint-plugin-jsx-a11y': [ '6.10.2' ],
20 silly audit   'eslint-plugin-react': [ '7.37.5' ],
20 silly audit   'eslint-plugin-react-hooks': [ '7.1.1' ],
20 silly audit   'eslint-scope': [ '8.4.0' ],
20 silly audit   espree: [ '10.4.0' ],
20 silly audit   esquery: [ '1.7.0' ],
20 silly audit   esrecurse: [ '4.3.0' ],
20 silly audit   estraverse: [ '5.3.0' ],
20 silly audit   esutils: [ '2.0.3' ],
20 silly audit   'fast-deep-equal': [ '3.1.3' ],
20 silly audit   'fast-glob': [ '3.3.1' ],
20 silly audit   'glob-parent': [ '5.1.2', '6.0.2' ],
20 silly audit   'fast-json-stable-stringify': [ '2.1.0' ],
20 silly audit   'fast-levenshtein': [ '2.0.6' ],
20 silly audit   fastq: [ '1.20.1' ],
20 silly audit   'file-entry-cache': [ '8.0.0' ],
20 silly audit   'fill-range': [ '7.1.1' ],
20 silly audit   'find-up': [ '5.0.0' ],
20 silly audit   'flat-cache': [ '4.0.1' ],
20 silly audit   flatted: [ '3.4.4' ],
20 silly audit   'for-each': [ '0.3.5' ],
20 silly audit   'function-bind': [ '1.1.2' ],
20 silly audit   'function.prototype.name': [ '1.2.0' ],
20 silly audit   'functions-have-names': [ '1.2.3' ],
20 silly audit   'generator-function': [ '2.0.1' ],
20 silly audit   gensync: [ '1.0.0-beta.2' ],
20 silly audit   'get-intrinsic': [ '1.3.0' ],
20 silly audit   'get-proto': [ '1.0.1' ],
20 silly audit   'get-symbol-description': [ '1.1.0' ],
20 silly audit   'get-tsconfig': [ '4.14.3' ],
20 silly audit   globalthis: [ '1.0.4' ],
20 silly audit   gopd: [ '1.2.0' ],
20 silly audit   'graceful-fs': [ '4.2.11' ],
20 silly audit   'has-bigints': [ '1.1.0' ],
20 silly audit   'has-flag': [ '4.0.0' ],
20 silly audit   'has-property-descriptors': [ '1.0.2' ],
20 silly audit   'has-proto': [ '1.2.0' ],
20 silly audit   'has-symbols': [ '1.1.0' ],
20 silly audit   'has-tostringtag': [ '1.0.2' ],
20 silly audit   hasown: [ '2.0.4' ],
20 silly audit   'hermes-estree': [ '0.25.1' ],
20 silly audit   'hermes-parser': [ '0.25.1' ],
20 silly audit   'import-fresh': [ '3.3.1' ],
20 silly audit   imurmurhash: [ '0.1.4' ],
20 silly audit   'internal-slot': [ '1.1.0' ],
20 silly audit   'is-array-buffer': [ '3.0.5' ],
20 silly audit   'is-async-function': [ '2.1.1' ],
20 silly audit   'is-bigint': [ '1.1.0' ],
20 silly audit   'is-boolean-object': [ '1.2.2' ],
20 silly audit   'is-bun-module': [ '2.0.0' ],
20 silly audit   'is-callable': [ '1.2.7' ],
20 silly audit   'is-core-module': [ '2.16.2' ],
20 silly audit   'is-data-view': [ '1.0.2' ],
20 silly audit   'is-date-object': [ '1.1.0' ],
20 silly audit   'is-document.all': [ '1.0.0' ],
20 silly audit   'is-extglob': [ '2.1.1' ],
20 silly audit   'is-finalizationregistry': [ '1.1.1' ],
20 silly audit   'is-generator-function': [ '1.1.2' ],
20 silly audit   'is-glob': [ '4.0.3' ],
20 silly audit   'is-map': [ '2.0.3' ],
20 silly audit   'is-negative-zero': [ '2.0.3' ],
20 silly audit   'is-number': [ '7.0.0' ],
20 silly audit   'is-number-object': [ '1.1.1' ],
20 silly audit   'is-regex': [ '1.2.1' ],
20 silly audit   'is-set': [ '2.0.3' ],
20 silly audit   'is-shared-array-buffer': [ '1.0.4' ],
20 silly audit   'is-string': [ '1.1.1' ],
20 silly audit   'is-symbol': [ '1.1.1' ],
20 silly audit   'is-typed-array': [ '1.1.15' ],
20 silly audit   'is-weakmap': [ '2.0.2' ],
20 silly audit   'is-weakref': [ '1.1.1' ],
20 silly audit   'is-weakset': [ '2.0.4' ],
20 silly audit   isarray: [ '2.0.5' ],
20 silly audit   isexe: [ '2.0.0' ],
20 silly audit   'iterator.prototype': [ '1.1.5' ],
20 silly audit   jiti: [ '2.7.0' ],
20 silly audit   'js-tokens': [ '4.0.0' ],
20 silly audit   'js-yaml': [ '4.3.2' ],
20 silly audit   jsesc: [ '3.1.0' ],
20 silly audit   'json-buffer': [ '3.0.1' ],
20 silly audit   'json-schema-traverse': [ '0.4.1' ],
20 silly audit   'json-stable-stringify-without-jsonify': [ '1.0.1' ],
20 silly audit   json5: [ '2.2.3', '1.0.2' ],
20 silly audit   'jsx-ast-utils': [ '3.3.5' ],
20 silly audit   keyv: [ '4.5.4' ],
20 silly audit   'language-subtag-registry': [ '0.3.23' ],
20 silly audit   'language-tags': [ '1.0.9' ],
20 silly audit   levn: [ '0.4.1' ],
20 silly audit   lightningcss: [ '1.31.1' ],
20 silly audit   'lightningcss-android-arm64': [ '1.31.1' ],
20 silly audit   'lightningcss-darwin-arm64': [ '1.31.1' ],
20 silly audit   'lightningcss-darwin-x64': [ '1.31.1' ],
20 silly audit   'lightningcss-freebsd-x64': [ '1.31.1' ],
20 silly audit   'lightningcss-linux-arm-gnueabihf': [ '1.31.1' ],
20 silly audit   'lightningcss-linux-arm64-gnu': [ '1.31.1' ],
20 silly audit   'lightningcss-linux-arm64-musl': [ '1.31.1' ],
20 silly audit   'lightningcss-linux-x64-gnu': [ '1.31.1' ],
20 silly audit   'lightningcss-linux-x64-musl': [ '1.31.1' ],
20 silly audit   'lightningcss-win32-arm64-msvc': [ '1.31.1' ],
20 silly audit   'lightningcss-win32-x64-msvc': [ '1.31.1' ],
20 silly audit   'locate-path': [ '6.0.0' ],
20 silly audit   'lodash.merge': [ '4.6.2' ],
20 silly audit   'loose-envify': [ '1.4.0' ],
20 silly audit   'lru-cache': [ '5.1.1' ],
20 silly audit   'magic-string': [ '0.30.21' ],
20 silly audit   'math-intrinsics': [ '1.1.0' ],
20 silly audit   merge2: [ '1.4.1' ],
20 silly audit   micromatch: [ '4.0.8' ],
20 silly audit   minimist: [ '1.2.8' ],
20 silly audit   ms: [ '2.1.3' ],
20 silly audit   nanoid: [ '3.3.18' ],
20 silly audit   'napi-postinstall': [ '0.3.4' ],
20 silly audit   'natural-compare': [ '1.4.0' ],
20 silly audit   next: [ '16.2.6' ],
20 silly audit   postcss: [ '8.4.31', '8.5.26' ],
20 silly audit   'node-exports-info': [ '1.6.2' ],
20 silly audit   'node-releases': [ '2.0.53' ],
20 silly audit   'object-assign': [ '4.1.1' ],
20 silly audit   'object-inspect': [ '1.13.4' ],
20 silly audit   'object-keys': [ '1.1.1' ],
20 silly audit   'object.assign': [ '4.1.7' ],
20 silly audit   'object.entries': [ '1.1.9' ],
20 silly audit   'object.fromentries': [ '2.0.8' ],
20 silly audit   'object.groupby': [ '1.0.3' ],
20 silly audit   'object.values': [ '1.2.1' ],
20 silly audit   optionator: [ '0.9.4' ],
20 silly audit   'own-keys': [ '1.0.2' ],
20 silly audit   'p-limit': [ '3.1.0' ],
20 silly audit   'p-locate': [ '5.0.0' ],
20 silly audit   'parent-module': [ '1.0.1' ],
20 silly audit   'path-exists': [ '4.0.0' ],
20 silly audit   'path-key': [ '3.1.1' ],
20 silly audit   'path-parse': [ '1.0.7' ],
20 silly audit   picocolors: [ '1.1.1' ],
20 silly audit   picomatch: [ '2.3.2', '4.0.7' ],
20 silly audit   'possible-typed-array-names': [ '1.1.0' ],
20 silly audit   'prelude-ls': [ '1.2.1' ],
20 silly audit   'prop-types': [ '15.8.1' ],
20 silly audit   punycode: [ '2.3.1' ],
20 silly audit   'queue-microtask': [ '1.2.3' ],
20 silly audit   react: [ '19.2.6' ],
20 silly audit   'react-dom': [ '19.2.6' ],
20 silly audit   'react-is': [ '16.13.1' ],
20 silly audit   'reflect.getprototypeof': [ '1.0.10' ],
20 silly audit   'regexp.prototype.flags': [ '1.5.4' ],
20 silly audit   resolve: [ '2.0.0-next.7' ],
20 silly audit   'resolve-from': [ '4.0.0' ],
20 silly audit   'resolve-pkg-maps': [ '1.0.0' ],
20 silly audit   reusify: [ '1.1.0' ],
20 silly audit   'run-parallel': [ '1.2.0' ],
20 silly audit   'safe-array-concat': [ '1.1.4' ],
20 silly audit   'safe-push-apply': [ '1.0.0' ],
20 silly audit   'safe-regex-test': [ '1.1.0' ],
20 silly audit   scheduler: [ '0.27.0' ],
20 silly audit   'set-function-length': [ '1.2.2' ],
20 silly audit   'set-function-name': [ '2.0.2' ],
20 silly audit   'set-proto': [ '1.0.0' ],
20 silly audit   sharp: [ '0.34.5' ],
20 silly audit   'shebang-command': [ '2.0.0' ],
20 silly audit   'shebang-regex': [ '3.0.0' ],
20 silly audit   'side-channel': [ '1.1.1' ],
20 silly audit   'side-channel-list': [ '1.0.1' ],
20 silly audit   'side-channel-map': [ '1.0.1' ],
20 silly audit   'side-channel-weakmap': [ '1.0.2' ],
20 silly audit   'source-map-js': [ '1.2.1' ],
20 silly audit   'stable-hash': [ '0.0.5' ],
20 silly audit   'stop-iteration-iterator': [ '1.1.0' ],
20 silly audit   'string.prototype.includes': [ '2.0.1' ],
20 silly audit   'string.prototype.matchall': [ '4.0.12' ],
20 silly audit   'string.prototype.repeat': [ '1.0.0' ],
20 silly audit   'string.prototype.trim': [ '1.2.11' ],
20 silly audit   'string.prototype.trimend': [ '1.0.10' ],
20 silly audit   'string.prototype.trimstart': [ '1.0.8' ],
20 silly audit   'strip-bom': [ '3.0.0' ],
20 silly audit   'strip-json-comments': [ '3.1.1' ],
20 silly audit   'styled-jsx': [ '5.1.6' ],
20 silly audit   'supports-color': [ '7.2.0' ],
20 silly audit   'supports-preserve-symlinks-flag': [ '1.0.0' ],
20 silly audit   tailwindcss: [ '4.2.1' ],
20 silly audit   tapable: [ '2.3.3' ],
20 silly audit   tinyglobby: [ '0.2.17' ],
20 silly audit   fdir: [ '6.5.0' ],
20 silly audit   'to-regex-range': [ '5.0.1' ],
20 silly audit   'ts-api-utils': [ '2.5.0' ],
20 silly audit   'tsconfig-paths': [ '3.15.0' ],
20 silly audit   tslib: [ '2.8.1' ],
20 silly audit   'type-check': [ '0.4.0' ],
20 silly audit   'typed-array-buffer': [ '1.0.3' ],
20 silly audit   'typed-array-byte-length': [ '1.0.3' ],
20 silly audit   'typed-array-byte-offset': [ '1.0.4' ],
20 silly audit   'typed-array-length': [ '1.0.8' ],
20 silly audit   typescript: [ '5.9.3' ],
20 silly audit   'typescript-eslint': [ '8.68.0' ],
20 silly audit   'unbox-primitive': [ '1.1.0' ],
20 silly audit   'undici-types': [ '6.21.0' ],
20 silly audit   'unrs-resolver': [ '1.12.2' ],
20 silly audit   'update-browserslist-db': [ '1.3.1' ],
20 silly audit   'uri-js': [ '4.4.1' ],
20 silly audit   which: [ '2.0.2' ],
20 silly audit   'which-boxed-primitive': [ '1.1.1' ],
20 silly audit   'which-builtin-type': [ '1.2.1' ],
20 silly audit   'which-collection': [ '1.0.2' ],
20 silly audit   'which-typed-array': [ '1.1.22' ],
20 silly audit   'word-wrap': [ '1.2.5' ],
20 silly audit   yallist: [ '3.1.1' ],
20 silly audit   'yocto-queue': [ '0.1.0' ],
20 silly audit   zod: [ '4.4.3' ],
20 silly audit   'zod-validation-error': [ '4.0.2' ]
20 silly audit }
21 http fetch GET 200 https://registry.npmjs.org/npm 340ms
22 http cache zod-validation-error@https://registry.npmjs.org/zod-validation-error/-/zod-validation-error-4.0.2.tgz 1ms (cache hit)
23 http cache zod@https://registry.npmjs.org/zod/-/zod-4.4.3.tgz 0ms (cache hit)
24 http cache yallist@https://registry.npmjs.org/yallist/-/yallist-3.1.1.tgz 0ms (cache hit)
25 http cache yocto-queue@https://registry.npmjs.org/yocto-queue/-/yocto-queue-0.1.0.tgz 0ms (cache hit)
26 http cache word-wrap@https://registry.npmjs.org/word-wrap/-/word-wrap-1.2.5.tgz 0ms (cache hit)
27 http cache which-typed-array@https://registry.npmjs.org/which-typed-array/-/which-typed-array-1.1.22.tgz 0ms (cache hit)
28 http cache which-collection@https://registry.npmjs.org/which-collection/-/which-collection-1.0.2.tgz 0ms (cache hit)
29 http cache which-boxed-primitive@https://registry.npmjs.org/which-boxed-primitive/-/which-boxed-primitive-1.1.1.tgz 0ms (cache hit)
30 http cache which@https://registry.npmjs.org/which/-/which-2.0.2.tgz 0ms (cache hit)
31 http cache which-builtin-type@https://registry.npmjs.org/which-builtin-type/-/which-builtin-type-1.2.1.tgz 0ms (cache hit)
32 http cache uri-js@https://registry.npmjs.org/uri-js/-/uri-js-4.4.1.tgz 0ms (cache hit)
33 http cache update-browserslist-db@https://registry.npmjs.org/update-browserslist-db/-/update-browserslist-db-1.3.1.tgz 0ms (cache hit)
34 http cache unrs-resolver@https://registry.npmjs.org/unrs-resolver/-/unrs-resolver-1.12.2.tgz 0ms (cache hit)
35 http cache undici-types@https://registry.npmjs.org/undici-types/-/undici-types-6.21.0.tgz 0ms (cache hit)
36 http cache typescript-eslint@https://registry.npmjs.org/typescript-eslint/-/typescript-eslint-8.68.0.tgz 0ms (cache hit)
37 http cache typescript@https://registry.npmjs.org/typescript/-/typescript-5.9.3.tgz 0ms (cache hit)
38 http cache typed-array-length@https://registry.npmjs.org/typed-array-length/-/typed-array-length-1.0.8.tgz 0ms (cache hit)
39 http cache unbox-primitive@https://registry.npmjs.org/unbox-primitive/-/unbox-primitive-1.1.0.tgz 0ms (cache hit)
40 http cache typed-array-byte-length@https://registry.npmjs.org/typed-array-byte-length/-/typed-array-byte-length-1.0.3.tgz 0ms (cache hit)
41 http cache typed-array-buffer@https://registry.npmjs.org/typed-array-buffer/-/typed-array-buffer-1.0.3.tgz 0ms (cache hit)
42 http cache type-check@https://registry.npmjs.org/type-check/-/type-check-0.4.0.tgz 0ms (cache hit)
43 http cache typed-array-byte-offset@https://registry.npmjs.org/typed-array-byte-offset/-/typed-array-byte-offset-1.0.4.tgz 1ms (cache hit)
44 http cache ts-api-utils@https://registry.npmjs.org/ts-api-utils/-/ts-api-utils-2.5.0.tgz 0ms (cache hit)
45 http cache to-regex-range@https://registry.npmjs.org/to-regex-range/-/to-regex-range-5.0.1.tgz 0ms (cache hit)
46 http cache tsconfig-paths@https://registry.npmjs.org/tsconfig-paths/-/tsconfig-paths-3.15.0.tgz 0ms (cache hit)
47 http cache tapable@https://registry.npmjs.org/tapable/-/tapable-2.3.3.tgz 0ms (cache hit)
48 http cache tslib@https://registry.npmjs.org/tslib/-/tslib-2.8.1.tgz 0ms (cache hit)
49 http cache supports-preserve-symlinks-flag@https://registry.npmjs.org/supports-preserve-symlinks-flag/-/supports-preserve-symlinks-flag-1.0.0.tgz 0ms (cache hit)
50 http cache tailwindcss@https://registry.npmjs.org/tailwindcss/-/tailwindcss-4.2.1.tgz 0ms (cache hit)
51 http cache supports-color@https://registry.npmjs.org/supports-color/-/supports-color-7.2.0.tgz 0ms (cache hit)
52 http cache styled-jsx@https://registry.npmjs.org/styled-jsx/-/styled-jsx-5.1.6.tgz 0ms (cache hit)
53 http cache tinyglobby@https://registry.npmjs.org/tinyglobby/-/tinyglobby-0.2.17.tgz 0ms (cache hit)
54 http cache strip-json-comments@https://registry.npmjs.org/strip-json-comments/-/strip-json-comments-3.1.1.tgz 0ms (cache hit)
55 http cache strip-bom@https://registry.npmjs.org/strip-bom/-/strip-bom-3.0.0.tgz 0ms (cache hit)
56 http cache string.prototype.trimend@https://registry.npmjs.org/string.prototype.trimend/-/string.prototype.trimend-1.0.10.tgz 0ms (cache hit)
57 http cache string.prototype.repeat@https://registry.npmjs.org/string.prototype.repeat/-/string.prototype.repeat-1.0.0.tgz 0ms (cache hit)
58 http cache string.prototype.trimstart@https://registry.npmjs.org/string.prototype.trimstart/-/string.prototype.trimstart-1.0.8.tgz 0ms (cache hit)
59 http cache string.prototype.trim@https://registry.npmjs.org/string.prototype.trim/-/string.prototype.trim-1.2.11.tgz 0ms (cache hit)
60 http cache string.prototype.matchall@https://registry.npmjs.org/string.prototype.matchall/-/string.prototype.matchall-4.0.12.tgz 0ms (cache hit)
61 http cache string.prototype.includes@https://registry.npmjs.org/string.prototype.includes/-/string.prototype.includes-2.0.1.tgz 0ms (cache hit)
62 http cache side-channel-weakmap@https://registry.npmjs.org/side-channel-weakmap/-/side-channel-weakmap-1.0.2.tgz 0ms (cache hit)
63 http cache stop-iteration-iterator@https://registry.npmjs.org/stop-iteration-iterator/-/stop-iteration-iterator-1.1.0.tgz 0ms (cache hit)
64 http cache source-map-js@https://registry.npmjs.org/source-map-js/-/source-map-js-1.2.1.tgz 0ms (cache hit)
65 http cache side-channel@https://registry.npmjs.org/side-channel/-/side-channel-1.1.1.tgz 0ms (cache hit)
66 http cache stable-hash@https://registry.npmjs.org/stable-hash/-/stable-hash-0.0.5.tgz 0ms (cache hit)
67 http cache side-channel-list@https://registry.npmjs.org/side-channel-list/-/side-channel-list-1.0.1.tgz 0ms (cache hit)
68 http cache side-channel-map@https://registry.npmjs.org/side-channel-map/-/side-channel-map-1.0.1.tgz 0ms (cache hit)
69 http cache shebang-command@https://registry.npmjs.org/shebang-command/-/shebang-command-2.0.0.tgz 0ms (cache hit)
70 http cache shebang-regex@https://registry.npmjs.org/shebang-regex/-/shebang-regex-3.0.0.tgz 0ms (cache hit)
71 http cache set-function-name@https://registry.npmjs.org/set-function-name/-/set-function-name-2.0.2.tgz 0ms (cache hit)
72 http cache set-function-length@https://registry.npmjs.org/set-function-length/-/set-function-length-1.2.2.tgz 0ms (cache hit)
73 http cache set-proto@https://registry.npmjs.org/set-proto/-/set-proto-1.0.0.tgz 0ms (cache hit)
74 http cache sharp@https://registry.npmjs.org/sharp/-/sharp-0.34.5.tgz 0ms (cache hit)
75 http cache run-parallel@https://registry.npmjs.org/run-parallel/-/run-parallel-1.2.0.tgz 0ms (cache hit)
76 http cache safe-push-apply@https://registry.npmjs.org/safe-push-apply/-/safe-push-apply-1.0.0.tgz 0ms (cache hit)
77 http cache safe-regex-test@https://registry.npmjs.org/safe-regex-test/-/safe-regex-test-1.1.0.tgz 0ms (cache hit)
78 http cache semver@https://registry.npmjs.org/semver/-/semver-6.3.1.tgz 0ms (cache hit)
79 http cache scheduler@https://registry.npmjs.org/scheduler/-/scheduler-0.27.0.tgz 0ms (cache hit)
80 http cache reusify@https://registry.npmjs.org/reusify/-/reusify-1.1.0.tgz 0ms (cache hit)
81 http cache resolve-from@https://registry.npmjs.org/resolve-from/-/resolve-from-4.0.0.tgz 0ms (cache hit)
82 http cache resolve-pkg-maps@https://registry.npmjs.org/resolve-pkg-maps/-/resolve-pkg-maps-1.0.0.tgz 0ms (cache hit)
83 http cache regexp.prototype.flags@https://registry.npmjs.org/regexp.prototype.flags/-/regexp.prototype.flags-1.5.4.tgz 0ms (cache hit)
84 http cache safe-array-concat@https://registry.npmjs.org/safe-array-concat/-/safe-array-concat-1.1.4.tgz 0ms (cache hit)
85 http cache queue-microtask@https://registry.npmjs.org/queue-microtask/-/queue-microtask-1.2.3.tgz 0ms (cache hit)
86 http cache reflect.getprototypeof@https://registry.npmjs.org/reflect.getprototypeof/-/reflect.getprototypeof-1.0.10.tgz 0ms (cache hit)
87 http cache resolve@https://registry.npmjs.org/resolve/-/resolve-2.0.0-next.7.tgz 0ms (cache hit)
88 http cache react-dom@https://registry.npmjs.org/react-dom/-/react-dom-19.2.6.tgz 0ms (cache hit)
89 http cache react@https://registry.npmjs.org/react/-/react-19.2.6.tgz 0ms (cache hit)
90 http cache punycode@https://registry.npmjs.org/punycode/-/punycode-2.3.1.tgz 0ms (cache hit)
91 http cache react-is@https://registry.npmjs.org/react-is/-/react-is-16.13.1.tgz 0ms (cache hit)
92 http cache prelude-ls@https://registry.npmjs.org/prelude-ls/-/prelude-ls-1.2.1.tgz 0ms (cache hit)
93 http cache possible-typed-array-names@https://registry.npmjs.org/possible-typed-array-names/-/possible-typed-array-names-1.1.0.tgz 0ms (cache hit)
94 http cache picocolors@https://registry.npmjs.org/picocolors/-/picocolors-1.1.1.tgz 0ms (cache hit)
95 http cache path-parse@https://registry.npmjs.org/path-parse/-/path-parse-1.0.7.tgz 0ms (cache hit)
96 http cache prop-types@https://registry.npmjs.org/prop-types/-/prop-types-15.8.1.tgz 0ms (cache hit)
97 http cache postcss@https://registry.npmjs.org/postcss/-/postcss-8.5.26.tgz 0ms (cache hit)
98 http cache picomatch@https://registry.npmjs.org/picomatch/-/picomatch-2.3.2.tgz 0ms (cache hit)
99 http cache path-exists@https://registry.npmjs.org/path-exists/-/path-exists-4.0.0.tgz 0ms (cache hit)
100 http cache path-key@https://registry.npmjs.org/path-key/-/path-key-3.1.1.tgz 0ms (cache hit)
101 http cache parent-module@https://registry.npmjs.org/parent-module/-/parent-module-1.0.1.tgz 0ms (cache hit)
102 http cache p-limit@https://registry.npmjs.org/p-limit/-/p-limit-3.1.0.tgz 0ms (cache hit)
103 http cache own-keys@https://registry.npmjs.org/own-keys/-/own-keys-1.0.2.tgz 0ms (cache hit)
104 http cache object.groupby@https://registry.npmjs.org/object.groupby/-/object.groupby-1.0.3.tgz 0ms (cache hit)
105 http cache object.values@https://registry.npmjs.org/object.values/-/object.values-1.2.1.tgz 0ms (cache hit)
106 http cache p-locate@https://registry.npmjs.org/p-locate/-/p-locate-5.0.0.tgz 0ms (cache hit)
107 http cache object.fromentries@https://registry.npmjs.org/object.fromentries/-/object.fromentries-2.0.8.tgz 0ms (cache hit)
108 http cache object.entries@https://registry.npmjs.org/object.entries/-/object.entries-1.1.9.tgz 0ms (cache hit)
109 http cache object-inspect@https://registry.npmjs.org/object-inspect/-/object-inspect-1.13.4.tgz 0ms (cache hit)
110 http cache optionator@https://registry.npmjs.org/optionator/-/optionator-0.9.4.tgz 0ms (cache hit)
111 http cache node-exports-info@https://registry.npmjs.org/node-exports-info/-/node-exports-info-1.6.2.tgz 0ms (cache hit)
112 http cache object-keys@https://registry.npmjs.org/object-keys/-/object-keys-1.1.1.tgz 0ms (cache hit)
113 http cache object.assign@https://registry.npmjs.org/object.assign/-/object.assign-4.1.7.tgz 0ms (cache hit)
114 http cache object-assign@https://registry.npmjs.org/object-assign/-/object-assign-4.1.1.tgz 0ms (cache hit)
115 http cache next@https://registry.npmjs.org/next/-/next-16.2.6.tgz 0ms (cache hit)
116 http cache node-releases@https://registry.npmjs.org/node-releases/-/node-releases-2.0.53.tgz 0ms (cache hit)
117 http cache nanoid@https://registry.npmjs.org/nanoid/-/nanoid-3.3.18.tgz 0ms (cache hit)
118 http cache ms@https://registry.npmjs.org/ms/-/ms-2.1.3.tgz 0ms (cache hit)
119 http cache natural-compare@https://registry.npmjs.org/natural-compare/-/natural-compare-1.4.0.tgz 0ms (cache hit)
120 http cache minimist@https://registry.npmjs.org/minimist/-/minimist-1.2.8.tgz 0ms (cache hit)
121 http cache napi-postinstall@https://registry.npmjs.org/napi-postinstall/-/napi-postinstall-0.3.4.tgz 0ms (cache hit)
122 http cache micromatch@https://registry.npmjs.org/micromatch/-/micromatch-4.0.8.tgz 0ms (cache hit)
123 http cache lru-cache@https://registry.npmjs.org/lru-cache/-/lru-cache-5.1.1.tgz 0ms (cache hit)
124 http cache merge2@https://registry.npmjs.org/merge2/-/merge2-1.4.1.tgz 0ms (cache hit)
125 http cache magic-string@https://registry.npmjs.org/magic-string/-/magic-string-0.30.21.tgz 0ms (cache hit)
126 http cache math-intrinsics@https://registry.npmjs.org/math-intrinsics/-/math-intrinsics-1.1.0.tgz 0ms (cache hit)
127 http cache minimatch@https://registry.npmjs.org/minimatch/-/minimatch-3.1.5.tgz 0ms (cache hit)
128 http cache lodash.merge@https://registry.npmjs.org/lodash.merge/-/lodash.merge-4.6.2.tgz 0ms (cache hit)
129 http cache levn@https://registry.npmjs.org/levn/-/levn-0.4.1.tgz 0ms (cache hit)
130 http cache locate-path@https://registry.npmjs.org/locate-path/-/locate-path-6.0.0.tgz 0ms (cache hit)
131 http cache loose-envify@https://registry.npmjs.org/loose-envify/-/loose-envify-1.4.0.tgz 0ms (cache hit)
132 http cache lightningcss-win32-x64-msvc@https://registry.npmjs.org/lightningcss-win32-x64-msvc/-/lightningcss-win32-x64-msvc-1.31.1.tgz 0ms (cache hit)
133 http cache language-tags@https://registry.npmjs.org/language-tags/-/language-tags-1.0.9.tgz 0ms (cache hit)
134 http cache json5@https://registry.npmjs.org/json5/-/json5-2.2.3.tgz 0ms (cache hit)
135 http cache jsx-ast-utils@https://registry.npmjs.org/jsx-ast-utils/-/jsx-ast-utils-3.3.5.tgz 0ms (cache hit)
136 http cache lightningcss@https://registry.npmjs.org/lightningcss/-/lightningcss-1.31.1.tgz 0ms (cache hit)
137 http cache keyv@https://registry.npmjs.org/keyv/-/keyv-4.5.4.tgz 0ms (cache hit)
138 http cache language-subtag-registry@https://registry.npmjs.org/language-subtag-registry/-/language-subtag-registry-0.3.23.tgz 0ms (cache hit)
139 http cache json-schema-traverse@https://registry.npmjs.org/json-schema-traverse/-/json-schema-traverse-0.4.1.tgz 0ms (cache hit)
140 http cache jsesc@https://registry.npmjs.org/jsesc/-/jsesc-3.1.0.tgz 0ms (cache hit)
141 http cache json-buffer@https://registry.npmjs.org/json-buffer/-/json-buffer-3.0.1.tgz 0ms (cache hit)
142 http cache js-yaml@https://registry.npmjs.org/js-yaml/-/js-yaml-4.3.2.tgz 0ms (cache hit)
143 http cache json-stable-stringify-without-jsonify@https://registry.npmjs.org/json-stable-stringify-without-jsonify/-/json-stable-stringify-without-jsonify-1.0.1.tgz 0ms (cache hit)
144 http cache js-tokens@https://registry.npmjs.org/js-tokens/-/js-tokens-4.0.0.tgz 0ms (cache hit)
145 http cache jiti@https://registry.npmjs.org/jiti/-/jiti-2.7.0.tgz 0ms (cache hit)
146 http cache isarray@https://registry.npmjs.org/isarray/-/isarray-2.0.5.tgz 0ms (cache hit)
147 http cache is-weakref@https://registry.npmjs.org/is-weakref/-/is-weakref-1.1.1.tgz 0ms (cache hit)
148 http cache isexe@https://registry.npmjs.org/isexe/-/isexe-2.0.0.tgz 0ms (cache hit)
149 http cache iterator.prototype@https://registry.npmjs.org/iterator.prototype/-/iterator.prototype-1.1.5.tgz 0ms (cache hit)
150 http cache is-typed-array@https://registry.npmjs.org/is-typed-array/-/is-typed-array-1.1.15.tgz 0ms (cache hit)
151 http cache is-symbol@https://registry.npmjs.org/is-symbol/-/is-symbol-1.1.1.tgz 0ms (cache hit)
152 http cache is-weakmap@https://registry.npmjs.org/is-weakmap/-/is-weakmap-2.0.2.tgz 0ms (cache hit)
153 http cache is-string@https://registry.npmjs.org/is-string/-/is-string-1.1.1.tgz 0ms (cache hit)
154 http cache is-shared-array-buffer@https://registry.npmjs.org/is-shared-array-buffer/-/is-shared-array-buffer-1.0.4.tgz 0ms (cache hit)
155 http cache is-weakset@https://registry.npmjs.org/is-weakset/-/is-weakset-2.0.4.tgz 0ms (cache hit)
156 http cache is-number@https://registry.npmjs.org/is-number/-/is-number-7.0.0.tgz 0ms (cache hit)
157 http cache is-regex@https://registry.npmjs.org/is-regex/-/is-regex-1.2.1.tgz 0ms (cache hit)
158 http cache is-set@https://registry.npmjs.org/is-set/-/is-set-2.0.3.tgz 0ms (cache hit)
159 http cache is-negative-zero@https://registry.npmjs.org/is-negative-zero/-/is-negative-zero-2.0.3.tgz 0ms (cache hit)
160 http cache is-number-object@https://registry.npmjs.org/is-number-object/-/is-number-object-1.1.1.tgz 0ms (cache hit)
161 http cache is-generator-function@https://registry.npmjs.org/is-generator-function/-/is-generator-function-1.1.2.tgz 0ms (cache hit)
162 http cache is-map@https://registry.npmjs.org/is-map/-/is-map-2.0.3.tgz 0ms (cache hit)
163 http cache is-glob@https://registry.npmjs.org/is-glob/-/is-glob-4.0.3.tgz 0ms (cache hit)
164 http cache is-finalizationregistry@https://registry.npmjs.org/is-finalizationregistry/-/is-finalizationregistry-1.1.1.tgz 0ms (cache hit)
165 http cache is-extglob@https://registry.npmjs.org/is-extglob/-/is-extglob-2.1.1.tgz 0ms (cache hit)
166 http cache is-core-module@https://registry.npmjs.org/is-core-module/-/is-core-module-2.16.2.tgz 0ms (cache hit)
167 http cache is-date-object@https://registry.npmjs.org/is-date-object/-/is-date-object-1.1.0.tgz 0ms (cache hit)
168 http cache is-document.all@https://registry.npmjs.org/is-document.all/-/is-document.all-1.0.0.tgz 0ms (cache hit)
169 http cache is-boolean-object@https://registry.npmjs.org/is-boolean-object/-/is-boolean-object-1.2.2.tgz 0ms (cache hit)
170 http cache is-data-view@https://registry.npmjs.org/is-data-view/-/is-data-view-1.0.2.tgz 0ms (cache hit)
171 http cache is-callable@https://registry.npmjs.org/is-callable/-/is-callable-1.2.7.tgz 0ms (cache hit)
172 http cache is-bigint@https://registry.npmjs.org/is-bigint/-/is-bigint-1.1.0.tgz 0ms (cache hit)
173 http cache is-async-function@https://registry.npmjs.org/is-async-function/-/is-async-function-2.1.1.tgz 0ms (cache hit)
174 http cache internal-slot@https://registry.npmjs.org/internal-slot/-/internal-slot-1.1.0.tgz 0ms (cache hit)
175 http cache is-bun-module@https://registry.npmjs.org/is-bun-module/-/is-bun-module-2.0.0.tgz 0ms (cache hit)
176 http cache imurmurhash@https://registry.npmjs.org/imurmurhash/-/imurmurhash-0.1.4.tgz 0ms (cache hit)
177 http cache is-array-buffer@https://registry.npmjs.org/is-array-buffer/-/is-array-buffer-3.0.5.tgz 0ms (cache hit)
178 http cache hermes-estree@https://registry.npmjs.org/hermes-estree/-/hermes-estree-0.25.1.tgz 0ms (cache hit)
179 http cache hasown@https://registry.npmjs.org/hasown/-/hasown-2.0.4.tgz 0ms (cache hit)
180 http cache ignore@https://registry.npmjs.org/ignore/-/ignore-5.3.2.tgz 0ms (cache hit)
181 http cache import-fresh@https://registry.npmjs.org/import-fresh/-/import-fresh-3.3.1.tgz 0ms (cache hit)
182 http cache hermes-parser@https://registry.npmjs.org/hermes-parser/-/hermes-parser-0.25.1.tgz 0ms (cache hit)
183 http cache has-tostringtag@https://registry.npmjs.org/has-tostringtag/-/has-tostringtag-1.0.2.tgz 0ms (cache hit)
184 http cache has-flag@https://registry.npmjs.org/has-flag/-/has-flag-4.0.0.tgz 0ms (cache hit)
185 http cache has-bigints@https://registry.npmjs.org/has-bigints/-/has-bigints-1.1.0.tgz 0ms (cache hit)
186 http cache has-symbols@https://registry.npmjs.org/has-symbols/-/has-symbols-1.1.0.tgz 0ms (cache hit)
187 http cache has-property-descriptors@https://registry.npmjs.org/has-property-descriptors/-/has-property-descriptors-1.0.2.tgz 0ms (cache hit)
188 http cache has-proto@https://registry.npmjs.org/has-proto/-/has-proto-1.2.0.tgz 0ms (cache hit)
189 http cache graceful-fs@https://registry.npmjs.org/graceful-fs/-/graceful-fs-4.2.11.tgz 0ms (cache hit)
190 http cache globalthis@https://registry.npmjs.org/globalthis/-/globalthis-1.0.4.tgz 0ms (cache hit)
191 http cache glob-parent@https://registry.npmjs.org/glob-parent/-/glob-parent-6.0.2.tgz 0ms (cache hit)
192 http cache globals@https://registry.npmjs.org/globals/-/globals-14.0.0.tgz 0ms (cache hit)
193 http cache get-tsconfig@https://registry.npmjs.org/get-tsconfig/-/get-tsconfig-4.14.3.tgz 0ms (cache hit)
194 http cache gopd@https://registry.npmjs.org/gopd/-/gopd-1.2.0.tgz 0ms (cache hit)
195 http cache get-proto@https://registry.npmjs.org/get-proto/-/get-proto-1.0.1.tgz 0ms (cache hit)
196 http cache get-symbol-description@https://registry.npmjs.org/get-symbol-description/-/get-symbol-description-1.1.0.tgz 0ms (cache hit)
197 http cache get-intrinsic@https://registry.npmjs.org/get-intrinsic/-/get-intrinsic-1.3.0.tgz 0ms (cache hit)
198 http cache generator-function@https://registry.npmjs.org/generator-function/-/generator-function-2.0.1.tgz 0ms (cache hit)
199 http cache gensync@https://registry.npmjs.org/gensync/-/gensync-1.0.0-beta.2.tgz 0ms (cache hit)
200 http cache functions-have-names@https://registry.npmjs.org/functions-have-names/-/functions-have-names-1.2.3.tgz 0ms (cache hit)
201 http cache function.prototype.name@https://registry.npmjs.org/function.prototype.name/-/function.prototype.name-1.2.0.tgz 0ms (cache hit)
202 http cache function-bind@https://registry.npmjs.org/function-bind/-/function-bind-1.1.2.tgz 0ms (cache hit)
203 http cache find-up@https://registry.npmjs.org/find-up/-/find-up-5.0.0.tgz 0ms (cache hit)
204 http cache flatted@https://registry.npmjs.org/flatted/-/flatted-3.4.4.tgz 0ms (cache hit)
205 http cache for-each@https://registry.npmjs.org/for-each/-/for-each-0.3.5.tgz 0ms (cache hit)
206 http cache flat-cache@https://registry.npmjs.org/flat-cache/-/flat-cache-4.0.1.tgz 0ms (cache hit)
207 http cache fill-range@https://registry.npmjs.org/fill-range/-/fill-range-7.1.1.tgz 0ms (cache hit)
208 http cache file-entry-cache@https://registry.npmjs.org/file-entry-cache/-/file-entry-cache-8.0.0.tgz 0ms (cache hit)
209 http cache fast-levenshtein@https://registry.npmjs.org/fast-levenshtein/-/fast-levenshtein-2.0.6.tgz 0ms (cache hit)
210 http cache fast-glob@https://registry.npmjs.org/fast-glob/-/fast-glob-3.3.1.tgz 0ms (cache hit)
211 http cache fastq@https://registry.npmjs.org/fastq/-/fastq-1.20.1.tgz 0ms (cache hit)
212 http cache esutils@https://registry.npmjs.org/esutils/-/esutils-2.0.3.tgz 0ms (cache hit)
213 http cache fast-json-stable-stringify@https://registry.npmjs.org/fast-json-stable-stringify/-/fast-json-stable-stringify-2.1.0.tgz 0ms (cache hit)
214 http cache fast-deep-equal@https://registry.npmjs.org/fast-deep-equal/-/fast-deep-equal-3.1.3.tgz 0ms (cache hit)
215 http cache esrecurse@https://registry.npmjs.org/esrecurse/-/esrecurse-4.3.0.tgz 0ms (cache hit)
216 http cache estraverse@https://registry.npmjs.org/estraverse/-/estraverse-5.3.0.tgz 0ms (cache hit)
217 http cache eslint-visitor-keys@https://registry.npmjs.org/eslint-visitor-keys/-/eslint-visitor-keys-4.2.1.tgz 0ms (cache hit)
218 http cache espree@https://registry.npmjs.org/espree/-/espree-10.4.0.tgz 0ms (cache hit)
219 http cache eslint-plugin-react-hooks@https://registry.npmjs.org/eslint-plugin-react-hooks/-/eslint-plugin-react-hooks-7.1.1.tgz 0ms (cache hit)
220 http cache esquery@https://registry.npmjs.org/esquery/-/esquery-1.7.0.tgz 0ms (cache hit)
221 http cache eslint-scope@https://registry.npmjs.org/eslint-scope/-/eslint-scope-8.4.0.tgz 0ms (cache hit)
222 http cache eslint-plugin-react@https://registry.npmjs.org/eslint-plugin-react/-/eslint-plugin-react-7.37.5.tgz 0ms (cache hit)
223 http cache eslint-module-utils@https://registry.npmjs.org/eslint-module-utils/-/eslint-module-utils-2.14.0.tgz 0ms (cache hit)
224 http cache eslint-import-resolver-typescript@https://registry.npmjs.org/eslint-import-resolver-typescript/-/eslint-import-resolver-typescript-3.10.1.tgz 0ms (cache hit)
225 http cache eslint-config-next@https://registry.npmjs.org/eslint-config-next/-/eslint-config-next-16.2.6.tgz 0ms (cache hit)
226 http cache escape-string-regexp@https://registry.npmjs.org/escape-string-regexp/-/escape-string-regexp-4.0.0.tgz 0ms (cache hit)
227 http cache eslint-plugin-import@https://registry.npmjs.org/eslint-plugin-import/-/eslint-plugin-import-2.32.0.tgz 0ms (cache hit)
228 http cache eslint-import-resolver-node@https://registry.npmjs.org/eslint-import-resolver-node/-/eslint-import-resolver-node-0.3.10.tgz 0ms (cache hit)
229 http cache es-to-primitive@https://registry.npmjs.org/es-to-primitive/-/es-to-primitive-1.3.4.tgz 0ms (cache hit)
230 http cache es-object-atoms@https://registry.npmjs.org/es-object-atoms/-/es-object-atoms-1.1.2.tgz 0ms (cache hit)
231 http cache escalade@https://registry.npmjs.org/escalade/-/escalade-3.2.0.tgz 0ms (cache hit)
232 http cache es-define-property@https://registry.npmjs.org/es-define-property/-/es-define-property-1.0.1.tgz 0ms (cache hit)
233 http cache es-iterator-helpers@https://registry.npmjs.org/es-iterator-helpers/-/es-iterator-helpers-1.4.0.tgz 0ms (cache hit)
234 http cache es-errors@https://registry.npmjs.org/es-errors/-/es-errors-1.3.0.tgz 0ms (cache hit)
235 http cache es-shim-unscopables@https://registry.npmjs.org/es-shim-unscopables/-/es-shim-unscopables-1.1.0.tgz 0ms (cache hit)
236 http cache es-abstract@https://registry.npmjs.org/es-abstract/-/es-abstract-1.24.2.tgz 0ms (cache hit)
237 http cache dunder-proto@https://registry.npmjs.org/dunder-proto/-/dunder-proto-1.0.1.tgz 0ms (cache hit)
238 http cache enhanced-resolve@https://registry.npmjs.org/enhanced-resolve/-/enhanced-resolve-5.24.5.tgz 0ms (cache hit)
239 http cache emoji-regex@https://registry.npmjs.org/emoji-regex/-/emoji-regex-9.2.2.tgz 0ms (cache hit)
240 http cache es-abstract-get@https://registry.npmjs.org/es-abstract-get/-/es-abstract-get-1.0.0.tgz 0ms (cache hit)
241 http cache electron-to-chromium@https://registry.npmjs.org/electron-to-chromium/-/electron-to-chromium-1.5.415.tgz 0ms (cache hit)
242 http cache doctrine@https://registry.npmjs.org/doctrine/-/doctrine-2.1.0.tgz 0ms (cache hit)
243 http cache detect-libc@https://registry.npmjs.org/detect-libc/-/detect-libc-2.1.2.tgz 0ms (cache hit)
244 http cache define-properties@https://registry.npmjs.org/define-properties/-/define-properties-1.2.1.tgz 0ms (cache hit)
245 http cache define-data-property@https://registry.npmjs.org/define-data-property/-/define-data-property-1.1.4.tgz 0ms (cache hit)
246 http cache data-view-buffer@https://registry.npmjs.org/data-view-buffer/-/data-view-buffer-1.0.2.tgz 0ms (cache hit)
247 http cache data-view-byte-length@https://registry.npmjs.org/data-view-byte-length/-/data-view-byte-length-1.0.2.tgz 0ms (cache hit)
248 http cache deep-is@https://registry.npmjs.org/deep-is/-/deep-is-0.1.4.tgz 0ms (cache hit)
249 http cache cross-spawn@https://registry.npmjs.org/cross-spawn/-/cross-spawn-7.0.6.tgz 0ms (cache hit)
250 http cache data-view-byte-offset@https://registry.npmjs.org/data-view-byte-offset/-/data-view-byte-offset-1.0.1.tgz 0ms (cache hit)
251 http cache debug@https://registry.npmjs.org/debug/-/debug-4.4.3.tgz 0ms (cache hit)
252 http cache csstype@https://registry.npmjs.org/csstype/-/csstype-3.2.3.tgz 0ms (cache hit)
253 http cache concat-map@https://registry.npmjs.org/concat-map/-/concat-map-0.0.1.tgz 0ms (cache hit)
254 http cache color-convert@https://registry.npmjs.org/color-convert/-/color-convert-2.0.1.tgz 0ms (cache hit)
255 http cache color-name@https://registry.npmjs.org/color-name/-/color-name-1.1.4.tgz 0ms (cache hit)
256 http cache es-set-tostringtag@https://registry.npmjs.org/es-set-tostringtag/-/es-set-tostringtag-2.1.0.tgz 0ms (cache hit)
257 http cache convert-source-map@https://registry.npmjs.org/convert-source-map/-/convert-source-map-2.0.0.tgz 0ms (cache hit)
258 http cache caniuse-lite@https://registry.npmjs.org/caniuse-lite/-/caniuse-lite-1.0.30001810.tgz 0ms (cache hit)
259 http cache damerau-levenshtein@https://registry.npmjs.org/damerau-levenshtein/-/damerau-levenshtein-1.0.8.tgz 0ms (cache hit)
260 http cache chalk@https://registry.npmjs.org/chalk/-/chalk-4.1.2.tgz 0ms (cache hit)
261 http cache client-only@https://registry.npmjs.org/client-only/-/client-only-0.0.1.tgz 0ms (cache hit)
262 http cache call-bind@https://registry.npmjs.org/call-bind/-/call-bind-1.0.9.tgz 0ms (cache hit)
263 http cache call-bind-apply-helpers@https://registry.npmjs.org/call-bind-apply-helpers/-/call-bind-apply-helpers-1.0.2.tgz 0ms (cache hit)
264 http cache call-bound@https://registry.npmjs.org/call-bound/-/call-bound-1.0.4.tgz 0ms (cache hit)
265 http cache callsites@https://registry.npmjs.org/callsites/-/callsites-3.1.0.tgz 0ms (cache hit)
266 http cache brace-expansion@https://registry.npmjs.org/brace-expansion/-/brace-expansion-1.1.18.tgz 0ms (cache hit)
267 http cache balanced-match@https://registry.npmjs.org/balanced-match/-/balanced-match-1.0.2.tgz 0ms (cache hit)
268 http cache braces@https://registry.npmjs.org/braces/-/braces-3.0.3.tgz 0ms (cache hit)
269 http cache axobject-query@https://registry.npmjs.org/axobject-query/-/axobject-query-4.1.0.tgz 0ms (cache hit)
270 http cache browserslist@https://registry.npmjs.org/browserslist/-/browserslist-4.28.8.tgz 0ms (cache hit)
271 http cache async-function@https://registry.npmjs.org/async-function/-/async-function-1.0.0.tgz 0ms (cache hit)
272 http cache baseline-browser-mapping@https://registry.npmjs.org/baseline-browser-mapping/-/baseline-browser-mapping-2.11.19.tgz 0ms (cache hit)
273 http cache axe-core@https://registry.npmjs.org/axe-core/-/axe-core-4.13.0.tgz 0ms (cache hit)
274 http cache ast-types-flow@https://registry.npmjs.org/ast-types-flow/-/ast-types-flow-0.0.8.tgz 0ms (cache hit)
275 http cache array.prototype.tosorted@https://registry.npmjs.org/array.prototype.tosorted/-/array.prototype.tosorted-1.1.4.tgz 0ms (cache hit)
276 http cache array.prototype.flatmap@https://registry.npmjs.org/array.prototype.flatmap/-/array.prototype.flatmap-1.3.3.tgz 0ms (cache hit)
277 http cache array.prototype.flat@https://registry.npmjs.org/array.prototype.flat/-/array.prototype.flat-1.3.3.tgz 0ms (cache hit)
278 http cache available-typed-arrays@https://registry.npmjs.org/available-typed-arrays/-/available-typed-arrays-1.0.7.tgz 0ms (cache hit)
279 http cache arraybuffer.prototype.slice@https://registry.npmjs.org/arraybuffer.prototype.slice/-/arraybuffer.prototype.slice-1.0.4.tgz 0ms (cache hit)
280 http cache array.prototype.findlastindex@https://registry.npmjs.org/array.prototype.findlastindex/-/array.prototype.findlastindex-1.2.6.tgz 0ms (cache hit)
281 http cache array-includes@https://registry.npmjs.org/array-includes/-/array-includes-3.1.9.tgz 0ms (cache hit)
282 http cache aria-query@https://registry.npmjs.org/aria-query/-/aria-query-5.3.2.tgz 0ms (cache hit)
283 http cache array.prototype.findlast@https://registry.npmjs.org/array.prototype.findlast/-/array.prototype.findlast-1.2.5.tgz 0ms (cache hit)
284 http cache argparse@https://registry.npmjs.org/argparse/-/argparse-2.0.1.tgz 0ms (cache hit)
285 http cache ansi-styles@https://registry.npmjs.org/ansi-styles/-/ansi-styles-4.3.0.tgz 0ms (cache hit)
286 http cache @unrs/resolver-binding-win32-x64-msvc@https://registry.npmjs.org/@unrs/resolver-binding-win32-x64-msvc/-/resolver-binding-win32-x64-msvc-1.12.2.tgz 0ms (cache hit)
287 http cache array-buffer-byte-length@https://registry.npmjs.org/array-buffer-byte-length/-/array-buffer-byte-length-1.0.2.tgz 0ms (cache hit)
288 http cache ajv@https://registry.npmjs.org/ajv/-/ajv-6.15.0.tgz 0ms (cache hit)
289 http cache @typescript-eslint/utils@https://registry.npmjs.org/@typescript-eslint/utils/-/utils-8.68.0.tgz 0ms (cache hit)
290 http cache acorn@https://registry.npmjs.org/acorn/-/acorn-8.18.0.tgz 0ms (cache hit)
291 http cache @typescript-eslint/types@https://registry.npmjs.org/@typescript-eslint/types/-/types-8.68.0.tgz 0ms (cache hit)
292 http cache acorn-jsx@https://registry.npmjs.org/acorn-jsx/-/acorn-jsx-5.3.2.tgz 0ms (cache hit)
293 http cache @typescript-eslint/tsconfig-utils@https://registry.npmjs.org/@typescript-eslint/tsconfig-utils/-/tsconfig-utils-8.68.0.tgz 0ms (cache hit)
294 http cache @typescript-eslint/scope-manager@https://registry.npmjs.org/@typescript-eslint/scope-manager/-/scope-manager-8.68.0.tgz 0ms (cache hit)
295 http cache @typescript-eslint/visitor-keys@https://registry.npmjs.org/@typescript-eslint/visitor-keys/-/visitor-keys-8.68.0.tgz 0ms (cache hit)
296 http cache @typescript-eslint/type-utils@https://registry.npmjs.org/@typescript-eslint/type-utils/-/type-utils-8.68.0.tgz 0ms (cache hit)
297 http cache @types/react-dom@https://registry.npmjs.org/@types/react-dom/-/react-dom-19.2.3.tgz 0ms (cache hit)
298 http cache @typescript-eslint/typescript-estree@https://registry.npmjs.org/@typescript-eslint/typescript-estree/-/typescript-estree-8.68.0.tgz 0ms (cache hit)
299 http cache @typescript-eslint/project-service@https://registry.npmjs.org/@typescript-eslint/project-service/-/project-service-8.68.0.tgz 0ms (cache hit)
300 http cache @typescript-eslint/parser@https://registry.npmjs.org/@typescript-eslint/parser/-/parser-8.68.0.tgz 0ms (cache hit)
301 http cache @types/node@https://registry.npmjs.org/@types/node/-/node-22.19.19.tgz 0ms (cache hit)
302 http cache @types/estree@https://registry.npmjs.org/@types/estree/-/estree-1.0.9.tgz 0ms (cache hit)
303 http cache @types/json5@https://registry.npmjs.org/@types/json5/-/json5-0.0.29.tgz 0ms (cache hit)
304 http cache @tailwindcss/postcss@https://registry.npmjs.org/@tailwindcss/postcss/-/postcss-4.2.1.tgz 0ms (cache hit)
305 http cache @tybys/wasm-util@https://registry.npmjs.org/@tybys/wasm-util/-/wasm-util-0.10.3.tgz 0ms (cache hit)
306 http cache @types/react@https://registry.npmjs.org/@types/react/-/react-19.2.14.tgz 0ms (cache hit)
307 http cache @types/json-schema@https://registry.npmjs.org/@types/json-schema/-/json-schema-7.0.15.tgz 0ms (cache hit)
308 http cache @tailwindcss/oxide@https://registry.npmjs.org/@tailwindcss/oxide/-/oxide-4.2.1.tgz 0ms (cache hit)
309 http cache @swc/helpers@https://registry.npmjs.org/@swc/helpers/-/helpers-0.5.15.tgz 0ms (cache hit)
310 http cache @tailwindcss/node@https://registry.npmjs.org/@tailwindcss/node/-/node-4.2.1.tgz 0ms (cache hit)
311 http cache @tailwindcss/oxide-win32-x64-msvc@https://registry.npmjs.org/@tailwindcss/oxide-win32-x64-msvc/-/oxide-win32-x64-msvc-4.2.1.tgz 0ms (cache hit)
312 http cache @nodelib/fs.walk@https://registry.npmjs.org/@nodelib/fs.walk/-/fs.walk-1.2.8.tgz 0ms (cache hit)
313 http cache @nolyfill/is-core-module@https://registry.npmjs.org/@nolyfill/is-core-module/-/is-core-module-1.0.39.tgz 0ms (cache hit)
314 http cache @rtsao/scc@https://registry.npmjs.org/@rtsao/scc/-/scc-1.1.0.tgz 0ms (cache hit)
315 http cache @nodelib/fs.scandir@https://registry.npmjs.org/@nodelib/fs.scandir/-/fs.scandir-2.1.5.tgz 0ms (cache hit)
316 http cache @next/swc-win32-x64-msvc@https://registry.npmjs.org/@next/swc-win32-x64-msvc/-/swc-win32-x64-msvc-16.2.6.tgz 0ms (cache hit)
317 http cache @nodelib/fs.stat@https://registry.npmjs.org/@nodelib/fs.stat/-/fs.stat-2.0.5.tgz 0ms (cache hit)
318 http cache @napi-rs/wasm-runtime@https://registry.npmjs.org/@napi-rs/wasm-runtime/-/wasm-runtime-1.2.3.tgz 0ms (cache hit)
319 http cache @next/eslint-plugin-next@https://registry.npmjs.org/@next/eslint-plugin-next/-/eslint-plugin-next-16.2.6.tgz 0ms (cache hit)
320 http cache @next/env@https://registry.npmjs.org/@next/env/-/env-16.2.6.tgz 0ms (cache hit)
321 http cache @jridgewell/resolve-uri@https://registry.npmjs.org/@jridgewell/resolve-uri/-/resolve-uri-3.1.2.tgz 0ms (cache hit)
322 http cache @img/sharp-win32-x64@https://registry.npmjs.org/@img/sharp-win32-x64/-/sharp-win32-x64-0.34.5.tgz 0ms (cache hit)
323 http cache @jridgewell/remapping@https://registry.npmjs.org/@jridgewell/remapping/-/remapping-2.3.5.tgz 0ms (cache hit)
324 http cache @jridgewell/trace-mapping@https://registry.npmjs.org/@jridgewell/trace-mapping/-/trace-mapping-0.3.31.tgz 0ms (cache hit)
325 http cache @jridgewell/sourcemap-codec@https://registry.npmjs.org/@jridgewell/sourcemap-codec/-/sourcemap-codec-1.5.5.tgz 0ms (cache hit)
326 http cache @img/colour@https://registry.npmjs.org/@img/colour/-/colour-1.1.0.tgz 0ms (cache hit)
327 http cache @jridgewell/gen-mapping@https://registry.npmjs.org/@jridgewell/gen-mapping/-/gen-mapping-0.3.13.tgz 0ms (cache hit)
328 http cache @humanwhocodes/retry@https://registry.npmjs.org/@humanwhocodes/retry/-/retry-0.4.3.tgz 0ms (cache hit)
329 http cache @humanwhocodes/module-importer@https://registry.npmjs.org/@humanwhocodes/module-importer/-/module-importer-1.0.1.tgz 0ms (cache hit)
330 http cache @humanfs/types@https://registry.npmjs.org/@humanfs/types/-/types-0.15.0.tgz 0ms (cache hit)
331 http cache @humanfs/node@https://registry.npmjs.org/@humanfs/node/-/node-0.16.8.tgz 0ms (cache hit)
332 http cache @humanfs/core@https://registry.npmjs.org/@humanfs/core/-/core-0.19.2.tgz 0ms (cache hit)
333 http cache @eslint/js@https://registry.npmjs.org/@eslint/js/-/js-9.39.4.tgz 0ms (cache hit)
334 http cache @eslint/object-schema@https://registry.npmjs.org/@eslint/object-schema/-/object-schema-2.1.7.tgz 0ms (cache hit)
335 http cache @eslint/plugin-kit@https://registry.npmjs.org/@eslint/plugin-kit/-/plugin-kit-0.4.1.tgz 0ms (cache hit)
336 http cache @eslint/config-array@https://registry.npmjs.org/@eslint/config-array/-/config-array-0.21.2.tgz 0ms (cache hit)
337 http cache @eslint/core@https://registry.npmjs.org/@eslint/core/-/core-0.17.0.tgz 0ms (cache hit)
338 http cache @eslint/config-helpers@https://registry.npmjs.org/@eslint/config-helpers/-/config-helpers-0.4.2.tgz 0ms (cache hit)
339 http cache @babel/traverse@https://registry.npmjs.org/@babel/traverse/-/traverse-7.29.8.tgz 0ms (cache hit)
340 http cache @eslint-community/eslint-utils@https://registry.npmjs.org/@eslint-community/eslint-utils/-/eslint-utils-4.10.1.tgz 0ms (cache hit)
341 http cache @eslint/eslintrc@https://registry.npmjs.org/@eslint/eslintrc/-/eslintrc-3.3.6.tgz 0ms (cache hit)
342 http cache @eslint-community/regexpp@https://registry.npmjs.org/@eslint-community/regexpp/-/regexpp-4.12.2.tgz 0ms (cache hit)
343 http cache @babel/parser@https://registry.npmjs.org/@babel/parser/-/parser-7.29.8.tgz 0ms (cache hit)
344 http cache @babel/helper-validator-option@https://registry.npmjs.org/@babel/helper-validator-option/-/helper-validator-option-7.29.7.tgz 0ms (cache hit)
345 http cache @babel/helper-globals@https://registry.npmjs.org/@babel/helper-globals/-/helper-globals-7.29.7.tgz 0ms (cache hit)
346 http cache @babel/template@https://registry.npmjs.org/@babel/template/-/template-7.29.7.tgz 0ms (cache hit)
347 http cache @babel/helper-validator-identifier@https://registry.npmjs.org/@babel/helper-validator-identifier/-/helper-validator-identifier-7.29.7.tgz 0ms (cache hit)
348 http cache @babel/helper-module-imports@https://registry.npmjs.org/@babel/helper-module-imports/-/helper-module-imports-7.29.7.tgz 0ms (cache hit)
349 http cache @babel/helper-string-parser@https://registry.npmjs.org/@babel/helper-string-parser/-/helper-string-parser-7.29.7.tgz 0ms (cache hit)
350 http cache @babel/generator@https://registry.npmjs.org/@babel/generator/-/generator-7.29.8.tgz 0ms (cache hit)
351 http cache @babel/helper-compilation-targets@https://registry.npmjs.org/@babel/helper-compilation-targets/-/helper-compilation-targets-7.29.7.tgz 0ms (cache hit)
352 http cache @babel/compat-data@https://registry.npmjs.org/@babel/compat-data/-/compat-data-7.29.7.tgz 0ms (cache hit)
353 http cache @babel/helper-module-transforms@https://registry.npmjs.org/@babel/helper-module-transforms/-/helper-module-transforms-7.29.7.tgz 0ms (cache hit)
354 http cache @babel/code-frame@https://registry.npmjs.org/@babel/code-frame/-/code-frame-7.29.7.tgz 0ms (cache hit)
355 http cache eslint-plugin-jsx-a11y@https://registry.npmjs.org/eslint-plugin-jsx-a11y/-/eslint-plugin-jsx-a11y-6.10.2.tgz 0ms (cache hit)
356 http cache @typescript-eslint/eslint-plugin@https://registry.npmjs.org/@typescript-eslint/eslint-plugin/-/eslint-plugin-8.68.0.tgz 0ms (cache hit)
357 http cache @babel/helpers@https://registry.npmjs.org/@babel/helpers/-/helpers-7.29.7.tgz 0ms (cache hit)
358 http cache @alloc/quick-lru@https://registry.npmjs.org/@alloc/quick-lru/-/quick-lru-5.2.0.tgz 0ms (cache hit)
359 http cache @babel/core@https://registry.npmjs.org/@babel/core/-/core-7.29.7.tgz 0ms (cache hit)
360 http cache @babel/types@https://registry.npmjs.org/@babel/types/-/types-7.29.8.tgz 0ms (cache hit)
361 http cache eslint@https://registry.npmjs.org/eslint/-/eslint-9.39.4.tgz 0ms (cache hit)
362 http cache semver@https://registry.npmjs.org/semver/-/semver-7.8.5.tgz 0ms (cache hit)
363 http cache picomatch@https://registry.npmjs.org/picomatch/-/picomatch-4.0.7.tgz 0ms (cache hit)
364 http cache fdir@https://registry.npmjs.org/fdir/-/fdir-6.5.0.tgz 0ms (cache hit)
365 http cache postcss@https://registry.npmjs.org/postcss/-/postcss-8.4.31.tgz 0ms (cache hit)
366 http cache json5@https://registry.npmjs.org/json5/-/json5-1.0.2.tgz 0ms (cache hit)
367 http cache semver@https://registry.npmjs.org/semver/-/semver-7.8.5.tgz 0ms (cache hit)
368 http cache debug@https://registry.npmjs.org/debug/-/debug-3.2.7.tgz 0ms (cache hit)
369 http cache glob-parent@https://registry.npmjs.org/glob-parent/-/glob-parent-5.1.2.tgz 0ms (cache hit)
370 http cache globals@https://registry.npmjs.org/globals/-/globals-16.4.0.tgz 0ms (cache hit)
371 http cache debug@https://registry.npmjs.org/debug/-/debug-3.2.7.tgz 0ms (cache hit)
372 http cache debug@https://registry.npmjs.org/debug/-/debug-3.2.7.tgz 0ms (cache hit)
373 http cache eslint-visitor-keys@https://registry.npmjs.org/eslint-visitor-keys/-/eslint-visitor-keys-5.0.1.tgz 0ms (cache hit)
374 http cache semver@https://registry.npmjs.org/semver/-/semver-7.8.5.tgz 0ms (cache hit)
375 http cache eslint-visitor-keys@https://registry.npmjs.org/eslint-visitor-keys/-/eslint-visitor-keys-3.4.3.tgz 0ms (cache hit)
376 http cache ignore@https://registry.npmjs.org/ignore/-/ignore-7.0.6.tgz 0ms (cache hit)
377 silly tarball no local data for zod-validation-error@https://registry.npmjs.org/zod-validation-error/-/zod-validation-error-4.0.2.tgz. Extracting by manifest.
378 silly tarball no local data for zod@https://registry.npmjs.org/zod/-/zod-4.4.3.tgz. Extracting by manifest.
379 silly tarball no local data for yallist@https://registry.npmjs.org/yallist/-/yallist-3.1.1.tgz. Extracting by manifest.
380 silly tarball no local data for yocto-queue@https://registry.npmjs.org/yocto-queue/-/yocto-queue-0.1.0.tgz. Extracting by manifest.
381 silly tarball no local data for word-wrap@https://registry.npmjs.org/word-wrap/-/word-wrap-1.2.5.tgz. Extracting by manifest.
382 silly tarball no local data for which-typed-array@https://registry.npmjs.org/which-typed-array/-/which-typed-array-1.1.22.tgz. Extracting by manifest.
383 silly tarball no local data for which-collection@https://registry.npmjs.org/which-collection/-/which-collection-1.0.2.tgz. Extracting by manifest.
384 silly tarball no local data for which-boxed-primitive@https://registry.npmjs.org/which-boxed-primitive/-/which-boxed-primitive-1.1.1.tgz. Extracting by manifest.
385 silly tarball no local data for which@https://registry.npmjs.org/which/-/which-2.0.2.tgz. Extracting by manifest.
386 silly tarball no local data for which-builtin-type@https://registry.npmjs.org/which-builtin-type/-/which-builtin-type-1.2.1.tgz. Extracting by manifest.
387 silly tarball no local data for uri-js@https://registry.npmjs.org/uri-js/-/uri-js-4.4.1.tgz. Extracting by manifest.
388 silly tarball no local data for update-browserslist-db@https://registry.npmjs.org/update-browserslist-db/-/update-browserslist-db-1.3.1.tgz. Extracting by manifest.
389 silly tarball no local data for unrs-resolver@https://registry.npmjs.org/unrs-resolver/-/unrs-resolver-1.12.2.tgz. Extracting by manifest.
390 http cache brace-expansion@https://registry.npmjs.org/brace-expansion/-/brace-expansion-5.0.9.tgz 0ms (cache hit)
391 silly tarball no local data for undici-types@https://registry.npmjs.org/undici-types/-/undici-types-6.21.0.tgz. Extracting by manifest.
392 silly tarball no local data for typescript-eslint@https://registry.npmjs.org/typescript-eslint/-/typescript-eslint-8.68.0.tgz. Extracting by manifest.
393 silly tarball no local data for typescript@https://registry.npmjs.org/typescript/-/typescript-5.9.3.tgz. Extracting by manifest.
394 silly tarball no local data for typed-array-length@https://registry.npmjs.org/typed-array-length/-/typed-array-length-1.0.8.tgz. Extracting by manifest.
395 silly tarball no local data for unbox-primitive@https://registry.npmjs.org/unbox-primitive/-/unbox-primitive-1.1.0.tgz. Extracting by manifest.
396 silly tarball no local data for typed-array-byte-length@https://registry.npmjs.org/typed-array-byte-length/-/typed-array-byte-length-1.0.3.tgz. Extracting by manifest.
397 http cache minimatch@https://registry.npmjs.org/minimatch/-/minimatch-10.2.6.tgz 0ms (cache hit)
398 silly tarball no local data for typed-array-buffer@https://registry.npmjs.org/typed-array-buffer/-/typed-array-buffer-1.0.3.tgz. Extracting by manifest.
399 silly tarball no local data for type-check@https://registry.npmjs.org/type-check/-/type-check-0.4.0.tgz. Extracting by manifest.
400 silly tarball no local data for typed-array-byte-offset@https://registry.npmjs.org/typed-array-byte-offset/-/typed-array-byte-offset-1.0.4.tgz. Extracting by manifest.
401 silly tarball no local data for ts-api-utils@https://registry.npmjs.org/ts-api-utils/-/ts-api-utils-2.5.0.tgz. Extracting by manifest.
402 http cache balanced-match@https://registry.npmjs.org/balanced-match/-/balanced-match-4.0.4.tgz 0ms (cache hit)
403 silly tarball no local data for to-regex-range@https://registry.npmjs.org/to-regex-range/-/to-regex-range-5.0.1.tgz. Extracting by manifest.
404 silly tarball no local data for tsconfig-paths@https://registry.npmjs.org/tsconfig-paths/-/tsconfig-paths-3.15.0.tgz. Extracting by manifest.
405 silly tarball no local data for tapable@https://registry.npmjs.org/tapable/-/tapable-2.3.3.tgz. Extracting by manifest.
406 silly tarball no local data for tslib@https://registry.npmjs.org/tslib/-/tslib-2.8.1.tgz. Extracting by manifest.
407 silly tarball no local data for supports-preserve-symlinks-flag@https://registry.npmjs.org/supports-preserve-symlinks-flag/-/supports-preserve-symlinks-flag-1.0.0.tgz. Extracting by manifest.
408 silly tarball no local data for tailwindcss@https://registry.npmjs.org/tailwindcss/-/tailwindcss-4.2.1.tgz. Extracting by manifest.
409 silly tarball no local data for supports-color@https://registry.npmjs.org/supports-color/-/supports-color-7.2.0.tgz. Extracting by manifest.
410 silly tarball no local data for styled-jsx@https://registry.npmjs.org/styled-jsx/-/styled-jsx-5.1.6.tgz. Extracting by manifest.
411 silly tarball no local data for tinyglobby@https://registry.npmjs.org/tinyglobby/-/tinyglobby-0.2.17.tgz. Extracting by manifest.
412 silly tarball no local data for strip-json-comments@https://registry.npmjs.org/strip-json-comments/-/strip-json-comments-3.1.1.tgz. Extracting by manifest.
413 silly tarball no local data for strip-bom@https://registry.npmjs.org/strip-bom/-/strip-bom-3.0.0.tgz. Extracting by manifest.
414 silly tarball no local data for string.prototype.trimend@https://registry.npmjs.org/string.prototype.trimend/-/string.prototype.trimend-1.0.10.tgz. Extracting by manifest.
415 silly tarball no local data for string.prototype.repeat@https://registry.npmjs.org/string.prototype.repeat/-/string.prototype.repeat-1.0.0.tgz. Extracting by manifest.
416 silly tarball no local data for string.prototype.trimstart@https://registry.npmjs.org/string.prototype.trimstart/-/string.prototype.trimstart-1.0.8.tgz. Extracting by manifest.
417 silly tarball no local data for string.prototype.trim@https://registry.npmjs.org/string.prototype.trim/-/string.prototype.trim-1.2.11.tgz. Extracting by manifest.
418 silly tarball no local data for string.prototype.matchall@https://registry.npmjs.org/string.prototype.matchall/-/string.prototype.matchall-4.0.12.tgz. Extracting by manifest.
419 silly tarball no local data for string.prototype.includes@https://registry.npmjs.org/string.prototype.includes/-/string.prototype.includes-2.0.1.tgz. Extracting by manifest.
420 silly tarball no local data for side-channel-weakmap@https://registry.npmjs.org/side-channel-weakmap/-/side-channel-weakmap-1.0.2.tgz. Extracting by manifest.
421 silly tarball no local data for stop-iteration-iterator@https://registry.npmjs.org/stop-iteration-iterator/-/stop-iteration-iterator-1.1.0.tgz. Extracting by manifest.
422 silly tarball no local data for source-map-js@https://registry.npmjs.org/source-map-js/-/source-map-js-1.2.1.tgz. Extracting by manifest.
423 silly tarball no local data for side-channel@https://registry.npmjs.org/side-channel/-/side-channel-1.1.1.tgz. Extracting by manifest.
424 silly tarball no local data for stable-hash@https://registry.npmjs.org/stable-hash/-/stable-hash-0.0.5.tgz. Extracting by manifest.
425 silly tarball no local data for side-channel-list@https://registry.npmjs.org/side-channel-list/-/side-channel-list-1.0.1.tgz. Extracting by manifest.
426 silly tarball no local data for side-channel-map@https://registry.npmjs.org/side-channel-map/-/side-channel-map-1.0.1.tgz. Extracting by manifest.
427 silly tarball no local data for shebang-command@https://registry.npmjs.org/shebang-command/-/shebang-command-2.0.0.tgz. Extracting by manifest.
428 silly tarball no local data for shebang-regex@https://registry.npmjs.org/shebang-regex/-/shebang-regex-3.0.0.tgz. Extracting by manifest.
429 silly tarball no local data for set-function-name@https://registry.npmjs.org/set-function-name/-/set-function-name-2.0.2.tgz. Extracting by manifest.
430 silly tarball no local data for set-function-length@https://registry.npmjs.org/set-function-length/-/set-function-length-1.2.2.tgz. Extracting by manifest.
431 silly tarball no local data for set-proto@https://registry.npmjs.org/set-proto/-/set-proto-1.0.0.tgz. Extracting by manifest.
432 silly tarball no local data for sharp@https://registry.npmjs.org/sharp/-/sharp-0.34.5.tgz. Extracting by manifest.
433 silly tarball no local data for run-parallel@https://registry.npmjs.org/run-parallel/-/run-parallel-1.2.0.tgz. Extracting by manifest.
434 silly tarball no local data for safe-push-apply@https://registry.npmjs.org/safe-push-apply/-/safe-push-apply-1.0.0.tgz. Extracting by manifest.
435 silly tarball no local data for safe-regex-test@https://registry.npmjs.org/safe-regex-test/-/safe-regex-test-1.1.0.tgz. Extracting by manifest.
436 silly tarball no local data for semver@https://registry.npmjs.org/semver/-/semver-6.3.1.tgz. Extracting by manifest.
437 silly tarball no local data for scheduler@https://registry.npmjs.org/scheduler/-/scheduler-0.27.0.tgz. Extracting by manifest.
438 silly tarball no local data for reusify@https://registry.npmjs.org/reusify/-/reusify-1.1.0.tgz. Extracting by manifest.
439 silly tarball no local data for resolve-from@https://registry.npmjs.org/resolve-from/-/resolve-from-4.0.0.tgz. Extracting by manifest.
440 silly tarball no local data for resolve-pkg-maps@https://registry.npmjs.org/resolve-pkg-maps/-/resolve-pkg-maps-1.0.0.tgz. Extracting by manifest.
441 silly tarball no local data for regexp.prototype.flags@https://registry.npmjs.org/regexp.prototype.flags/-/regexp.prototype.flags-1.5.4.tgz. Extracting by manifest.
442 silly tarball no local data for safe-array-concat@https://registry.npmjs.org/safe-array-concat/-/safe-array-concat-1.1.4.tgz. Extracting by manifest.
443 silly tarball no local data for queue-microtask@https://registry.npmjs.org/queue-microtask/-/queue-microtask-1.2.3.tgz. Extracting by manifest.
444 silly tarball no local data for reflect.getprototypeof@https://registry.npmjs.org/reflect.getprototypeof/-/reflect.getprototypeof-1.0.10.tgz. Extracting by manifest.
445 silly tarball no local data for resolve@https://registry.npmjs.org/resolve/-/resolve-2.0.0-next.7.tgz. Extracting by manifest.
446 silly tarball no local data for react-dom@https://registry.npmjs.org/react-dom/-/react-dom-19.2.6.tgz. Extracting by manifest.
447 silly tarball no local data for react@https://registry.npmjs.org/react/-/react-19.2.6.tgz. Extracting by manifest.
448 silly tarball no local data for punycode@https://registry.npmjs.org/punycode/-/punycode-2.3.1.tgz. Extracting by manifest.
449 silly tarball no local data for react-is@https://registry.npmjs.org/react-is/-/react-is-16.13.1.tgz. Extracting by manifest.
450 silly tarball no local data for prelude-ls@https://registry.npmjs.org/prelude-ls/-/prelude-ls-1.2.1.tgz. Extracting by manifest.
451 silly tarball no local data for possible-typed-array-names@https://registry.npmjs.org/possible-typed-array-names/-/possible-typed-array-names-1.1.0.tgz. Extracting by manifest.
452 silly tarball no local data for picocolors@https://registry.npmjs.org/picocolors/-/picocolors-1.1.1.tgz. Extracting by manifest.
453 silly tarball no local data for path-parse@https://registry.npmjs.org/path-parse/-/path-parse-1.0.7.tgz. Extracting by manifest.
454 silly tarball no local data for prop-types@https://registry.npmjs.org/prop-types/-/prop-types-15.8.1.tgz. Extracting by manifest.
455 silly tarball no local data for postcss@https://registry.npmjs.org/postcss/-/postcss-8.5.26.tgz. Extracting by manifest.
456 silly tarball no local data for picomatch@https://registry.npmjs.org/picomatch/-/picomatch-2.3.2.tgz. Extracting by manifest.
457 silly tarball no local data for path-exists@https://registry.npmjs.org/path-exists/-/path-exists-4.0.0.tgz. Extracting by manifest.
458 silly tarball no local data for path-key@https://registry.npmjs.org/path-key/-/path-key-3.1.1.tgz. Extracting by manifest.
459 silly tarball no local data for parent-module@https://registry.npmjs.org/parent-module/-/parent-module-1.0.1.tgz. Extracting by manifest.
460 silly tarball no local data for p-limit@https://registry.npmjs.org/p-limit/-/p-limit-3.1.0.tgz. Extracting by manifest.
461 silly tarball no local data for own-keys@https://registry.npmjs.org/own-keys/-/own-keys-1.0.2.tgz. Extracting by manifest.
462 silly tarball no local data for object.groupby@https://registry.npmjs.org/object.groupby/-/object.groupby-1.0.3.tgz. Extracting by manifest.
463 silly tarball no local data for object.values@https://registry.npmjs.org/object.values/-/object.values-1.2.1.tgz. Extracting by manifest.
464 silly tarball no local data for p-locate@https://registry.npmjs.org/p-locate/-/p-locate-5.0.0.tgz. Extracting by manifest.
465 silly tarball no local data for object.fromentries@https://registry.npmjs.org/object.fromentries/-/object.fromentries-2.0.8.tgz. Extracting by manifest.
466 silly tarball no local data for object.entries@https://registry.npmjs.org/object.entries/-/object.entries-1.1.9.tgz. Extracting by manifest.
467 silly tarball no local data for object-inspect@https://registry.npmjs.org/object-inspect/-/object-inspect-1.13.4.tgz. Extracting by manifest.
468 silly tarball no local data for optionator@https://registry.npmjs.org/optionator/-/optionator-0.9.4.tgz. Extracting by manifest.
469 silly tarball no local data for node-exports-info@https://registry.npmjs.org/node-exports-info/-/node-exports-info-1.6.2.tgz. Extracting by manifest.
470 silly tarball no local data for object-keys@https://registry.npmjs.org/object-keys/-/object-keys-1.1.1.tgz. Extracting by manifest.
471 silly tarball no local data for object.assign@https://registry.npmjs.org/object.assign/-/object.assign-4.1.7.tgz. Extracting by manifest.
472 silly tarball no local data for object-assign@https://registry.npmjs.org/object-assign/-/object-assign-4.1.1.tgz. Extracting by manifest.
473 silly tarball no local data for next@https://registry.npmjs.org/next/-/next-16.2.6.tgz. Extracting by manifest.
474 silly tarball no local data for node-releases@https://registry.npmjs.org/node-releases/-/node-releases-2.0.53.tgz. Extracting by manifest.
475 silly tarball no local data for nanoid@https://registry.npmjs.org/nanoid/-/nanoid-3.3.18.tgz. Extracting by manifest.
476 silly tarball no local data for ms@https://registry.npmjs.org/ms/-/ms-2.1.3.tgz. Extracting by manifest.
477 silly tarball no local data for natural-compare@https://registry.npmjs.org/natural-compare/-/natural-compare-1.4.0.tgz. Extracting by manifest.
478 silly tarball no local data for minimist@https://registry.npmjs.org/minimist/-/minimist-1.2.8.tgz. Extracting by manifest.
479 silly tarball no local data for napi-postinstall@https://registry.npmjs.org/napi-postinstall/-/napi-postinstall-0.3.4.tgz. Extracting by manifest.
480 silly tarball no local data for micromatch@https://registry.npmjs.org/micromatch/-/micromatch-4.0.8.tgz. Extracting by manifest.
481 silly tarball no local data for lru-cache@https://registry.npmjs.org/lru-cache/-/lru-cache-5.1.1.tgz. Extracting by manifest.
482 silly tarball no local data for merge2@https://registry.npmjs.org/merge2/-/merge2-1.4.1.tgz. Extracting by manifest.
483 silly tarball no local data for magic-string@https://registry.npmjs.org/magic-string/-/magic-string-0.30.21.tgz. Extracting by manifest.
484 silly tarball no local data for math-intrinsics@https://registry.npmjs.org/math-intrinsics/-/math-intrinsics-1.1.0.tgz. Extracting by manifest.
485 silly tarball no local data for minimatch@https://registry.npmjs.org/minimatch/-/minimatch-3.1.5.tgz. Extracting by manifest.
486 silly tarball no local data for lodash.merge@https://registry.npmjs.org/lodash.merge/-/lodash.merge-4.6.2.tgz. Extracting by manifest.
487 silly tarball no local data for levn@https://registry.npmjs.org/levn/-/levn-0.4.1.tgz. Extracting by manifest.
488 silly tarball no local data for locate-path@https://registry.npmjs.org/locate-path/-/locate-path-6.0.0.tgz. Extracting by manifest.
489 silly tarball no local data for loose-envify@https://registry.npmjs.org/loose-envify/-/loose-envify-1.4.0.tgz. Extracting by manifest.
490 silly tarball no local data for lightningcss-win32-x64-msvc@https://registry.npmjs.org/lightningcss-win32-x64-msvc/-/lightningcss-win32-x64-msvc-1.31.1.tgz. Extracting by manifest.
491 silly tarball no local data for language-tags@https://registry.npmjs.org/language-tags/-/language-tags-1.0.9.tgz. Extracting by manifest.
492 silly tarball no local data for json5@https://registry.npmjs.org/json5/-/json5-2.2.3.tgz. Extracting by manifest.
493 silly tarball no local data for jsx-ast-utils@https://registry.npmjs.org/jsx-ast-utils/-/jsx-ast-utils-3.3.5.tgz. Extracting by manifest.
494 silly tarball no local data for lightningcss@https://registry.npmjs.org/lightningcss/-/lightningcss-1.31.1.tgz. Extracting by manifest.
495 silly tarball no local data for keyv@https://registry.npmjs.org/keyv/-/keyv-4.5.4.tgz. Extracting by manifest.
496 silly tarball no local data for language-subtag-registry@https://registry.npmjs.org/language-subtag-registry/-/language-subtag-registry-0.3.23.tgz. Extracting by manifest.
497 silly tarball no local data for json-schema-traverse@https://registry.npmjs.org/json-schema-traverse/-/json-schema-traverse-0.4.1.tgz. Extracting by manifest.
498 silly tarball no local data for jsesc@https://registry.npmjs.org/jsesc/-/jsesc-3.1.0.tgz. Extracting by manifest.
499 silly tarball no local data for json-buffer@https://registry.npmjs.org/json-buffer/-/json-buffer-3.0.1.tgz. Extracting by manifest.
500 silly tarball no local data for js-yaml@https://registry.npmjs.org/js-yaml/-/js-yaml-4.3.2.tgz. Extracting by manifest.
501 silly tarball no local data for json-stable-stringify-without-jsonify@https://registry.npmjs.org/json-stable-stringify-without-jsonify/-/json-stable-stringify-without-jsonify-1.0.1.tgz. Extracting by manifest.
502 silly tarball no local data for js-tokens@https://registry.npmjs.org/js-tokens/-/js-tokens-4.0.0.tgz. Extracting by manifest.
503 silly tarball no local data for jiti@https://registry.npmjs.org/jiti/-/jiti-2.7.0.tgz. Extracting by manifest.
504 silly tarball no local data for isarray@https://registry.npmjs.org/isarray/-/isarray-2.0.5.tgz. Extracting by manifest.
505 silly tarball no local data for is-weakref@https://registry.npmjs.org/is-weakref/-/is-weakref-1.1.1.tgz. Extracting by manifest.
506 silly tarball no local data for isexe@https://registry.npmjs.org/isexe/-/isexe-2.0.0.tgz. Extracting by manifest.
507 silly tarball no local data for iterator.prototype@https://registry.npmjs.org/iterator.prototype/-/iterator.prototype-1.1.5.tgz. Extracting by manifest.
508 silly tarball no local data for is-typed-array@https://registry.npmjs.org/is-typed-array/-/is-typed-array-1.1.15.tgz. Extracting by manifest.
509 silly tarball no local data for is-symbol@https://registry.npmjs.org/is-symbol/-/is-symbol-1.1.1.tgz. Extracting by manifest.
510 silly tarball no local data for is-weakmap@https://registry.npmjs.org/is-weakmap/-/is-weakmap-2.0.2.tgz. Extracting by manifest.
511 silly tarball no local data for is-string@https://registry.npmjs.org/is-string/-/is-string-1.1.1.tgz. Extracting by manifest.
512 silly tarball no local data for is-shared-array-buffer@https://registry.npmjs.org/is-shared-array-buffer/-/is-shared-array-buffer-1.0.4.tgz. Extracting by manifest.
513 silly tarball no local data for is-weakset@https://registry.npmjs.org/is-weakset/-/is-weakset-2.0.4.tgz. Extracting by manifest.
514 silly tarball no local data for is-number@https://registry.npmjs.org/is-number/-/is-number-7.0.0.tgz. Extracting by manifest.
515 silly tarball no local data for is-regex@https://registry.npmjs.org/is-regex/-/is-regex-1.2.1.tgz. Extracting by manifest.
516 silly tarball no local data for is-set@https://registry.npmjs.org/is-set/-/is-set-2.0.3.tgz. Extracting by manifest.
517 silly tarball no local data for is-negative-zero@https://registry.npmjs.org/is-negative-zero/-/is-negative-zero-2.0.3.tgz. Extracting by manifest.
518 silly tarball no local data for is-number-object@https://registry.npmjs.org/is-number-object/-/is-number-object-1.1.1.tgz. Extracting by manifest.
519 silly tarball no local data for is-generator-function@https://registry.npmjs.org/is-generator-function/-/is-generator-function-1.1.2.tgz. Extracting by manifest.
520 silly tarball no local data for is-map@https://registry.npmjs.org/is-map/-/is-map-2.0.3.tgz. Extracting by manifest.
521 silly tarball no local data for is-glob@https://registry.npmjs.org/is-glob/-/is-glob-4.0.3.tgz. Extracting by manifest.
522 silly tarball no local data for is-finalizationregistry@https://registry.npmjs.org/is-finalizationregistry/-/is-finalizationregistry-1.1.1.tgz. Extracting by manifest.
523 silly tarball no local data for is-extglob@https://registry.npmjs.org/is-extglob/-/is-extglob-2.1.1.tgz. Extracting by manifest.
524 silly tarball no local data for is-core-module@https://registry.npmjs.org/is-core-module/-/is-core-module-2.16.2.tgz. Extracting by manifest.
525 silly tarball no local data for is-date-object@https://registry.npmjs.org/is-date-object/-/is-date-object-1.1.0.tgz. Extracting by manifest.
526 silly tarball no local data for is-document.all@https://registry.npmjs.org/is-document.all/-/is-document.all-1.0.0.tgz. Extracting by manifest.
527 silly tarball no local data for is-boolean-object@https://registry.npmjs.org/is-boolean-object/-/is-boolean-object-1.2.2.tgz. Extracting by manifest.
528 silly tarball no local data for is-data-view@https://registry.npmjs.org/is-data-view/-/is-data-view-1.0.2.tgz. Extracting by manifest.
529 silly tarball no local data for is-callable@https://registry.npmjs.org/is-callable/-/is-callable-1.2.7.tgz. Extracting by manifest.
530 silly tarball no local data for is-bigint@https://registry.npmjs.org/is-bigint/-/is-bigint-1.1.0.tgz. Extracting by manifest.
531 silly tarball no local data for is-async-function@https://registry.npmjs.org/is-async-function/-/is-async-function-2.1.1.tgz. Extracting by manifest.
532 silly tarball no local data for internal-slot@https://registry.npmjs.org/internal-slot/-/internal-slot-1.1.0.tgz. Extracting by manifest.
533 silly tarball no local data for is-bun-module@https://registry.npmjs.org/is-bun-module/-/is-bun-module-2.0.0.tgz. Extracting by manifest.
534 silly tarball no local data for imurmurhash@https://registry.npmjs.org/imurmurhash/-/imurmurhash-0.1.4.tgz. Extracting by manifest.
535 silly tarball no local data for is-array-buffer@https://registry.npmjs.org/is-array-buffer/-/is-array-buffer-3.0.5.tgz. Extracting by manifest.
536 silly tarball no local data for hermes-estree@https://registry.npmjs.org/hermes-estree/-/hermes-estree-0.25.1.tgz. Extracting by manifest.
537 silly tarball no local data for hasown@https://registry.npmjs.org/hasown/-/hasown-2.0.4.tgz. Extracting by manifest.
538 silly tarball no local data for ignore@https://registry.npmjs.org/ignore/-/ignore-5.3.2.tgz. Extracting by manifest.
539 silly tarball no local data for import-fresh@https://registry.npmjs.org/import-fresh/-/import-fresh-3.3.1.tgz. Extracting by manifest.
540 silly tarball no local data for hermes-parser@https://registry.npmjs.org/hermes-parser/-/hermes-parser-0.25.1.tgz. Extracting by manifest.
541 silly tarball no local data for has-tostringtag@https://registry.npmjs.org/has-tostringtag/-/has-tostringtag-1.0.2.tgz. Extracting by manifest.
542 silly tarball no local data for has-flag@https://registry.npmjs.org/has-flag/-/has-flag-4.0.0.tgz. Extracting by manifest.
543 silly tarball no local data for has-bigints@https://registry.npmjs.org/has-bigints/-/has-bigints-1.1.0.tgz. Extracting by manifest.
544 silly tarball no local data for has-symbols@https://registry.npmjs.org/has-symbols/-/has-symbols-1.1.0.tgz. Extracting by manifest.
545 silly tarball no local data for has-property-descriptors@https://registry.npmjs.org/has-property-descriptors/-/has-property-descriptors-1.0.2.tgz. Extracting by manifest.
546 silly tarball no local data for has-proto@https://registry.npmjs.org/has-proto/-/has-proto-1.2.0.tgz. Extracting by manifest.
547 silly tarball no local data for graceful-fs@https://registry.npmjs.org/graceful-fs/-/graceful-fs-4.2.11.tgz. Extracting by manifest.
548 silly tarball no local data for globalthis@https://registry.npmjs.org/globalthis/-/globalthis-1.0.4.tgz. Extracting by manifest.
549 silly tarball no local data for glob-parent@https://registry.npmjs.org/glob-parent/-/glob-parent-6.0.2.tgz. Extracting by manifest.
550 silly tarball no local data for globals@https://registry.npmjs.org/globals/-/globals-14.0.0.tgz. Extracting by manifest.
551 silly tarball no local data for get-tsconfig@https://registry.npmjs.org/get-tsconfig/-/get-tsconfig-4.14.3.tgz. Extracting by manifest.
552 silly tarball no local data for gopd@https://registry.npmjs.org/gopd/-/gopd-1.2.0.tgz. Extracting by manifest.
553 silly tarball no local data for get-proto@https://registry.npmjs.org/get-proto/-/get-proto-1.0.1.tgz. Extracting by manifest.
554 silly tarball no local data for get-symbol-description@https://registry.npmjs.org/get-symbol-description/-/get-symbol-description-1.1.0.tgz. Extracting by manifest.
555 silly tarball no local data for get-intrinsic@https://registry.npmjs.org/get-intrinsic/-/get-intrinsic-1.3.0.tgz. Extracting by manifest.
556 silly tarball no local data for generator-function@https://registry.npmjs.org/generator-function/-/generator-function-2.0.1.tgz. Extracting by manifest.
557 silly tarball no local data for gensync@https://registry.npmjs.org/gensync/-/gensync-1.0.0-beta.2.tgz. Extracting by manifest.
558 silly tarball no local data for functions-have-names@https://registry.npmjs.org/functions-have-names/-/functions-have-names-1.2.3.tgz. Extracting by manifest.
559 silly tarball no local data for function.prototype.name@https://registry.npmjs.org/function.prototype.name/-/function.prototype.name-1.2.0.tgz. Extracting by manifest.
560 silly tarball no local data for function-bind@https://registry.npmjs.org/function-bind/-/function-bind-1.1.2.tgz. Extracting by manifest.
561 silly tarball no local data for find-up@https://registry.npmjs.org/find-up/-/find-up-5.0.0.tgz. Extracting by manifest.
562 silly tarball no local data for flatted@https://registry.npmjs.org/flatted/-/flatted-3.4.4.tgz. Extracting by manifest.
563 silly tarball no local data for for-each@https://registry.npmjs.org/for-each/-/for-each-0.3.5.tgz. Extracting by manifest.
564 silly tarball no local data for flat-cache@https://registry.npmjs.org/flat-cache/-/flat-cache-4.0.1.tgz. Extracting by manifest.
565 silly tarball no local data for fill-range@https://registry.npmjs.org/fill-range/-/fill-range-7.1.1.tgz. Extracting by manifest.
566 silly tarball no local data for file-entry-cache@https://registry.npmjs.org/file-entry-cache/-/file-entry-cache-8.0.0.tgz. Extracting by manifest.
567 silly tarball no local data for fast-levenshtein@https://registry.npmjs.org/fast-levenshtein/-/fast-levenshtein-2.0.6.tgz. Extracting by manifest.
568 silly tarball no local data for fast-glob@https://registry.npmjs.org/fast-glob/-/fast-glob-3.3.1.tgz. Extracting by manifest.
569 silly tarball no local data for fastq@https://registry.npmjs.org/fastq/-/fastq-1.20.1.tgz. Extracting by manifest.
570 silly tarball no local data for esutils@https://registry.npmjs.org/esutils/-/esutils-2.0.3.tgz. Extracting by manifest.
571 silly tarball no local data for fast-json-stable-stringify@https://registry.npmjs.org/fast-json-stable-stringify/-/fast-json-stable-stringify-2.1.0.tgz. Extracting by manifest.
572 silly tarball no local data for fast-deep-equal@https://registry.npmjs.org/fast-deep-equal/-/fast-deep-equal-3.1.3.tgz. Extracting by manifest.
573 silly tarball no local data for esrecurse@https://registry.npmjs.org/esrecurse/-/esrecurse-4.3.0.tgz. Extracting by manifest.
574 silly tarball no local data for estraverse@https://registry.npmjs.org/estraverse/-/estraverse-5.3.0.tgz. Extracting by manifest.
575 silly tarball no local data for eslint-visitor-keys@https://registry.npmjs.org/eslint-visitor-keys/-/eslint-visitor-keys-4.2.1.tgz. Extracting by manifest.
576 silly tarball no local data for espree@https://registry.npmjs.org/espree/-/espree-10.4.0.tgz. Extracting by manifest.
577 silly tarball no local data for eslint-plugin-react-hooks@https://registry.npmjs.org/eslint-plugin-react-hooks/-/eslint-plugin-react-hooks-7.1.1.tgz. Extracting by manifest.
578 silly tarball no local data for esquery@https://registry.npmjs.org/esquery/-/esquery-1.7.0.tgz. Extracting by manifest.
579 silly tarball no local data for eslint-scope@https://registry.npmjs.org/eslint-scope/-/eslint-scope-8.4.0.tgz. Extracting by manifest.
580 silly tarball no local data for eslint-plugin-react@https://registry.npmjs.org/eslint-plugin-react/-/eslint-plugin-react-7.37.5.tgz. Extracting by manifest.
581 silly tarball no local data for eslint-module-utils@https://registry.npmjs.org/eslint-module-utils/-/eslint-module-utils-2.14.0.tgz. Extracting by manifest.
582 silly tarball no local data for eslint-import-resolver-typescript@https://registry.npmjs.org/eslint-import-resolver-typescript/-/eslint-import-resolver-typescript-3.10.1.tgz. Extracting by manifest.
583 silly tarball no local data for eslint-config-next@https://registry.npmjs.org/eslint-config-next/-/eslint-config-next-16.2.6.tgz. Extracting by manifest.
584 silly tarball no local data for escape-string-regexp@https://registry.npmjs.org/escape-string-regexp/-/escape-string-regexp-4.0.0.tgz. Extracting by manifest.
585 silly tarball no local data for eslint-plugin-import@https://registry.npmjs.org/eslint-plugin-import/-/eslint-plugin-import-2.32.0.tgz. Extracting by manifest.
586 silly tarball no local data for eslint-import-resolver-node@https://registry.npmjs.org/eslint-import-resolver-node/-/eslint-import-resolver-node-0.3.10.tgz. Extracting by manifest.
587 silly tarball no local data for es-to-primitive@https://registry.npmjs.org/es-to-primitive/-/es-to-primitive-1.3.4.tgz. Extracting by manifest.
588 silly tarball no local data for es-object-atoms@https://registry.npmjs.org/es-object-atoms/-/es-object-atoms-1.1.2.tgz. Extracting by manifest.
589 silly tarball no local data for escalade@https://registry.npmjs.org/escalade/-/escalade-3.2.0.tgz. Extracting by manifest.
590 silly tarball no local data for es-define-property@https://registry.npmjs.org/es-define-property/-/es-define-property-1.0.1.tgz. Extracting by manifest.
591 silly tarball no local data for es-iterator-helpers@https://registry.npmjs.org/es-iterator-helpers/-/es-iterator-helpers-1.4.0.tgz. Extracting by manifest.
592 silly tarball no local data for es-errors@https://registry.npmjs.org/es-errors/-/es-errors-1.3.0.tgz. Extracting by manifest.
593 silly tarball no local data for es-shim-unscopables@https://registry.npmjs.org/es-shim-unscopables/-/es-shim-unscopables-1.1.0.tgz. Extracting by manifest.
594 silly tarball no local data for es-abstract@https://registry.npmjs.org/es-abstract/-/es-abstract-1.24.2.tgz. Extracting by manifest.
595 silly tarball no local data for dunder-proto@https://registry.npmjs.org/dunder-proto/-/dunder-proto-1.0.1.tgz. Extracting by manifest.
596 silly tarball no local data for enhanced-resolve@https://registry.npmjs.org/enhanced-resolve/-/enhanced-resolve-5.24.5.tgz. Extracting by manifest.
597 silly tarball no local data for emoji-regex@https://registry.npmjs.org/emoji-regex/-/emoji-regex-9.2.2.tgz. Extracting by manifest.
598 silly tarball no local data for es-abstract-get@https://registry.npmjs.org/es-abstract-get/-/es-abstract-get-1.0.0.tgz. Extracting by manifest.
599 silly tarball no local data for electron-to-chromium@https://registry.npmjs.org/electron-to-chromium/-/electron-to-chromium-1.5.415.tgz. Extracting by manifest.
600 silly tarball no local data for doctrine@https://registry.npmjs.org/doctrine/-/doctrine-2.1.0.tgz. Extracting by manifest.
601 silly tarball no local data for detect-libc@https://registry.npmjs.org/detect-libc/-/detect-libc-2.1.2.tgz. Extracting by manifest.
602 silly tarball no local data for define-properties@https://registry.npmjs.org/define-properties/-/define-properties-1.2.1.tgz. Extracting by manifest.
603 silly tarball no local data for define-data-property@https://registry.npmjs.org/define-data-property/-/define-data-property-1.1.4.tgz. Extracting by manifest.
604 silly tarball no local data for data-view-buffer@https://registry.npmjs.org/data-view-buffer/-/data-view-buffer-1.0.2.tgz. Extracting by manifest.
605 silly tarball no local data for data-view-byte-length@https://registry.npmjs.org/data-view-byte-length/-/data-view-byte-length-1.0.2.tgz. Extracting by manifest.
606 silly tarball no local data for deep-is@https://registry.npmjs.org/deep-is/-/deep-is-0.1.4.tgz. Extracting by manifest.
607 silly tarball no local data for cross-spawn@https://registry.npmjs.org/cross-spawn/-/cross-spawn-7.0.6.tgz. Extracting by manifest.
608 silly tarball no local data for data-view-byte-offset@https://registry.npmjs.org/data-view-byte-offset/-/data-view-byte-offset-1.0.1.tgz. Extracting by manifest.
609 silly tarball no local data for debug@https://registry.npmjs.org/debug/-/debug-4.4.3.tgz. Extracting by manifest.
610 silly tarball no local data for csstype@https://registry.npmjs.org/csstype/-/csstype-3.2.3.tgz. Extracting by manifest.
611 silly tarball no local data for concat-map@https://registry.npmjs.org/concat-map/-/concat-map-0.0.1.tgz. Extracting by manifest.
612 silly tarball no local data for color-convert@https://registry.npmjs.org/color-convert/-/color-convert-2.0.1.tgz. Extracting by manifest.
613 silly tarball no local data for color-name@https://registry.npmjs.org/color-name/-/color-name-1.1.4.tgz. Extracting by manifest.
614 silly tarball no local data for es-set-tostringtag@https://registry.npmjs.org/es-set-tostringtag/-/es-set-tostringtag-2.1.0.tgz. Extracting by manifest.
615 silly tarball no local data for convert-source-map@https://registry.npmjs.org/convert-source-map/-/convert-source-map-2.0.0.tgz. Extracting by manifest.
616 silly tarball no local data for caniuse-lite@https://registry.npmjs.org/caniuse-lite/-/caniuse-lite-1.0.30001810.tgz. Extracting by manifest.
617 silly tarball no local data for damerau-levenshtein@https://registry.npmjs.org/damerau-levenshtein/-/damerau-levenshtein-1.0.8.tgz. Extracting by manifest.
618 silly tarball no local data for chalk@https://registry.npmjs.org/chalk/-/chalk-4.1.2.tgz. Extracting by manifest.
619 silly tarball no local data for client-only@https://registry.npmjs.org/client-only/-/client-only-0.0.1.tgz. Extracting by manifest.
620 silly tarball no local data for call-bind@https://registry.npmjs.org/call-bind/-/call-bind-1.0.9.tgz. Extracting by manifest.
621 silly tarball no local data for call-bind-apply-helpers@https://registry.npmjs.org/call-bind-apply-helpers/-/call-bind-apply-helpers-1.0.2.tgz. Extracting by manifest.
622 silly tarball no local data for call-bound@https://registry.npmjs.org/call-bound/-/call-bound-1.0.4.tgz. Extracting by manifest.
623 silly tarball no local data for callsites@https://registry.npmjs.org/callsites/-/callsites-3.1.0.tgz. Extracting by manifest.
624 silly tarball no local data for brace-expansion@https://registry.npmjs.org/brace-expansion/-/brace-expansion-1.1.18.tgz. Extracting by manifest.
625 silly tarball no local data for balanced-match@https://registry.npmjs.org/balanced-match/-/balanced-match-1.0.2.tgz. Extracting by manifest.
626 silly tarball no local data for braces@https://registry.npmjs.org/braces/-/braces-3.0.3.tgz. Extracting by manifest.
627 silly tarball no local data for axobject-query@https://registry.npmjs.org/axobject-query/-/axobject-query-4.1.0.tgz. Extracting by manifest.
628 silly tarball no local data for browserslist@https://registry.npmjs.org/browserslist/-/browserslist-4.28.8.tgz. Extracting by manifest.
629 silly tarball no local data for async-function@https://registry.npmjs.org/async-function/-/async-function-1.0.0.tgz. Extracting by manifest.
630 silly tarball no local data for baseline-browser-mapping@https://registry.npmjs.org/baseline-browser-mapping/-/baseline-browser-mapping-2.11.19.tgz. Extracting by manifest.
631 silly tarball no local data for axe-core@https://registry.npmjs.org/axe-core/-/axe-core-4.13.0.tgz. Extracting by manifest.
632 silly tarball no local data for ast-types-flow@https://registry.npmjs.org/ast-types-flow/-/ast-types-flow-0.0.8.tgz. Extracting by manifest.
633 silly tarball no local data for array.prototype.tosorted@https://registry.npmjs.org/array.prototype.tosorted/-/array.prototype.tosorted-1.1.4.tgz. Extracting by manifest.
634 silly tarball no local data for array.prototype.flatmap@https://registry.npmjs.org/array.prototype.flatmap/-/array.prototype.flatmap-1.3.3.tgz. Extracting by manifest.
635 silly tarball no local data for array.prototype.flat@https://registry.npmjs.org/array.prototype.flat/-/array.prototype.flat-1.3.3.tgz. Extracting by manifest.
636 silly tarball no local data for available-typed-arrays@https://registry.npmjs.org/available-typed-arrays/-/available-typed-arrays-1.0.7.tgz. Extracting by manifest.
637 silly tarball no local data for arraybuffer.prototype.slice@https://registry.npmjs.org/arraybuffer.prototype.slice/-/arraybuffer.prototype.slice-1.0.4.tgz. Extracting by manifest.
638 silly tarball no local data for array.prototype.findlastindex@https://registry.npmjs.org/array.prototype.findlastindex/-/array.prototype.findlastindex-1.2.6.tgz. Extracting by manifest.
639 silly tarball no local data for array-includes@https://registry.npmjs.org/array-includes/-/array-includes-3.1.9.tgz. Extracting by manifest.
640 silly tarball no local data for aria-query@https://registry.npmjs.org/aria-query/-/aria-query-5.3.2.tgz. Extracting by manifest.
641 silly tarball no local data for array.prototype.findlast@https://registry.npmjs.org/array.prototype.findlast/-/array.prototype.findlast-1.2.5.tgz. Extracting by manifest.
642 silly tarball no local data for argparse@https://registry.npmjs.org/argparse/-/argparse-2.0.1.tgz. Extracting by manifest.
643 silly tarball no local data for ansi-styles@https://registry.npmjs.org/ansi-styles/-/ansi-styles-4.3.0.tgz. Extracting by manifest.
644 silly tarball no local data for @unrs/resolver-binding-win32-x64-msvc@https://registry.npmjs.org/@unrs/resolver-binding-win32-x64-msvc/-/resolver-binding-win32-x64-msvc-1.12.2.tgz. Extracting by manifest.
645 silly tarball no local data for array-buffer-byte-length@https://registry.npmjs.org/array-buffer-byte-length/-/array-buffer-byte-length-1.0.2.tgz. Extracting by manifest.
646 silly tarball no local data for ajv@https://registry.npmjs.org/ajv/-/ajv-6.15.0.tgz. Extracting by manifest.
647 silly tarball no local data for @typescript-eslint/utils@https://registry.npmjs.org/@typescript-eslint/utils/-/utils-8.68.0.tgz. Extracting by manifest.
648 silly tarball no local data for acorn@https://registry.npmjs.org/acorn/-/acorn-8.18.0.tgz. Extracting by manifest.
649 silly tarball no local data for @typescript-eslint/types@https://registry.npmjs.org/@typescript-eslint/types/-/types-8.68.0.tgz. Extracting by manifest.
650 silly tarball no local data for acorn-jsx@https://registry.npmjs.org/acorn-jsx/-/acorn-jsx-5.3.2.tgz. Extracting by manifest.
651 silly tarball no local data for @typescript-eslint/tsconfig-utils@https://registry.npmjs.org/@typescript-eslint/tsconfig-utils/-/tsconfig-utils-8.68.0.tgz. Extracting by manifest.
652 silly tarball no local data for @typescript-eslint/scope-manager@https://registry.npmjs.org/@typescript-eslint/scope-manager/-/scope-manager-8.68.0.tgz. Extracting by manifest.
653 silly tarball no local data for @typescript-eslint/visitor-keys@https://registry.npmjs.org/@typescript-eslint/visitor-keys/-/visitor-keys-8.68.0.tgz. Extracting by manifest.
654 silly tarball no local data for @typescript-eslint/type-utils@https://registry.npmjs.org/@typescript-eslint/type-utils/-/type-utils-8.68.0.tgz. Extracting by manifest.
655 silly tarball no local data for @types/react-dom@https://registry.npmjs.org/@types/react-dom/-/react-dom-19.2.3.tgz. Extracting by manifest.
656 silly tarball no local data for @typescript-eslint/typescript-estree@https://registry.npmjs.org/@typescript-eslint/typescript-estree/-/typescript-estree-8.68.0.tgz. Extracting by manifest.
657 silly tarball no local data for @typescript-eslint/project-service@https://registry.npmjs.org/@typescript-eslint/project-service/-/project-service-8.68.0.tgz. Extracting by manifest.
658 silly tarball no local data for @typescript-eslint/parser@https://registry.npmjs.org/@typescript-eslint/parser/-/parser-8.68.0.tgz. Extracting by manifest.
659 silly tarball no local data for @types/node@https://registry.npmjs.org/@types/node/-/node-22.19.19.tgz. Extracting by manifest.
660 silly tarball no local data for @types/estree@https://registry.npmjs.org/@types/estree/-/estree-1.0.9.tgz. Extracting by manifest.
661 silly tarball no local data for @types/json5@https://registry.npmjs.org/@types/json5/-/json5-0.0.29.tgz. Extracting by manifest.
662 silly tarball no local data for @tailwindcss/postcss@https://registry.npmjs.org/@tailwindcss/postcss/-/postcss-4.2.1.tgz. Extracting by manifest.
663 silly tarball no local data for @tybys/wasm-util@https://registry.npmjs.org/@tybys/wasm-util/-/wasm-util-0.10.3.tgz. Extracting by manifest.
664 silly tarball no local data for @types/react@https://registry.npmjs.org/@types/react/-/react-19.2.14.tgz. Extracting by manifest.
665 silly tarball no local data for @types/json-schema@https://registry.npmjs.org/@types/json-schema/-/json-schema-7.0.15.tgz. Extracting by manifest.
666 silly tarball no local data for @tailwindcss/oxide@https://registry.npmjs.org/@tailwindcss/oxide/-/oxide-4.2.1.tgz. Extracting by manifest.
667 silly tarball no local data for @swc/helpers@https://registry.npmjs.org/@swc/helpers/-/helpers-0.5.15.tgz. Extracting by manifest.
668 silly tarball no local data for @tailwindcss/node@https://registry.npmjs.org/@tailwindcss/node/-/node-4.2.1.tgz. Extracting by manifest.
669 silly tarball no local data for @tailwindcss/oxide-win32-x64-msvc@https://registry.npmjs.org/@tailwindcss/oxide-win32-x64-msvc/-/oxide-win32-x64-msvc-4.2.1.tgz. Extracting by manifest.
670 silly tarball no local data for @nodelib/fs.walk@https://registry.npmjs.org/@nodelib/fs.walk/-/fs.walk-1.2.8.tgz. Extracting by manifest.
671 silly tarball no local data for @nolyfill/is-core-module@https://registry.npmjs.org/@nolyfill/is-core-module/-/is-core-module-1.0.39.tgz. Extracting by manifest.
672 silly tarball no local data for @rtsao/scc@https://registry.npmjs.org/@rtsao/scc/-/scc-1.1.0.tgz. Extracting by manifest.
673 silly tarball no local data for @nodelib/fs.scandir@https://registry.npmjs.org/@nodelib/fs.scandir/-/fs.scandir-2.1.5.tgz. Extracting by manifest.
674 silly tarball no local data for @next/swc-win32-x64-msvc@https://registry.npmjs.org/@next/swc-win32-x64-msvc/-/swc-win32-x64-msvc-16.2.6.tgz. Extracting by manifest.
675 silly tarball no local data for @nodelib/fs.stat@https://registry.npmjs.org/@nodelib/fs.stat/-/fs.stat-2.0.5.tgz. Extracting by manifest.
676 silly tarball no local data for @napi-rs/wasm-runtime@https://registry.npmjs.org/@napi-rs/wasm-runtime/-/wasm-runtime-1.2.3.tgz. Extracting by manifest.
677 silly tarball no local data for @next/eslint-plugin-next@https://registry.npmjs.org/@next/eslint-plugin-next/-/eslint-plugin-next-16.2.6.tgz. Extracting by manifest.
678 silly tarball no local data for @next/env@https://registry.npmjs.org/@next/env/-/env-16.2.6.tgz. Extracting by manifest.
679 silly tarball no local data for @jridgewell/resolve-uri@https://registry.npmjs.org/@jridgewell/resolve-uri/-/resolve-uri-3.1.2.tgz. Extracting by manifest.
680 silly tarball no local data for @img/sharp-win32-x64@https://registry.npmjs.org/@img/sharp-win32-x64/-/sharp-win32-x64-0.34.5.tgz. Extracting by manifest.
681 silly tarball no local data for @jridgewell/remapping@https://registry.npmjs.org/@jridgewell/remapping/-/remapping-2.3.5.tgz. Extracting by manifest.
682 silly tarball no local data for @jridgewell/trace-mapping@https://registry.npmjs.org/@jridgewell/trace-mapping/-/trace-mapping-0.3.31.tgz. Extracting by manifest.
683 silly tarball no local data for @jridgewell/sourcemap-codec@https://registry.npmjs.org/@jridgewell/sourcemap-codec/-/sourcemap-codec-1.5.5.tgz. Extracting by manifest.
684 silly tarball no local data for @img/colour@https://registry.npmjs.org/@img/colour/-/colour-1.1.0.tgz. Extracting by manifest.
685 silly tarball no local data for @jridgewell/gen-mapping@https://registry.npmjs.org/@jridgewell/gen-mapping/-/gen-mapping-0.3.13.tgz. Extracting by manifest.
686 silly tarball no local data for @humanwhocodes/retry@https://registry.npmjs.org/@humanwhocodes/retry/-/retry-0.4.3.tgz. Extracting by manifest.
687 silly tarball no local data for @humanwhocodes/module-importer@https://registry.npmjs.org/@humanwhocodes/module-importer/-/module-importer-1.0.1.tgz. Extracting by manifest.
688 silly tarball no local data for @humanfs/types@https://registry.npmjs.org/@humanfs/types/-/types-0.15.0.tgz. Extracting by manifest.
689 silly tarball no local data for @humanfs/node@https://registry.npmjs.org/@humanfs/node/-/node-0.16.8.tgz. Extracting by manifest.
690 silly tarball no local data for @humanfs/core@https://registry.npmjs.org/@humanfs/core/-/core-0.19.2.tgz. Extracting by manifest.
691 silly tarball no local data for @eslint/js@https://registry.npmjs.org/@eslint/js/-/js-9.39.4.tgz. Extracting by manifest.
692 silly tarball no local data for @eslint/object-schema@https://registry.npmjs.org/@eslint/object-schema/-/object-schema-2.1.7.tgz. Extracting by manifest.
693 silly tarball no local data for @eslint/plugin-kit@https://registry.npmjs.org/@eslint/plugin-kit/-/plugin-kit-0.4.1.tgz. Extracting by manifest.
694 silly tarball no local data for @eslint/config-array@https://registry.npmjs.org/@eslint/config-array/-/config-array-0.21.2.tgz. Extracting by manifest.
695 silly tarball no local data for @eslint/core@https://registry.npmjs.org/@eslint/core/-/core-0.17.0.tgz. Extracting by manifest.
696 silly tarball no local data for @eslint/config-helpers@https://registry.npmjs.org/@eslint/config-helpers/-/config-helpers-0.4.2.tgz. Extracting by manifest.
697 silly tarball no local data for @babel/traverse@https://registry.npmjs.org/@babel/traverse/-/traverse-7.29.8.tgz. Extracting by manifest.
698 silly tarball no local data for @eslint-community/eslint-utils@https://registry.npmjs.org/@eslint-community/eslint-utils/-/eslint-utils-4.10.1.tgz. Extracting by manifest.
699 silly tarball no local data for @eslint/eslintrc@https://registry.npmjs.org/@eslint/eslintrc/-/eslintrc-3.3.6.tgz. Extracting by manifest.
700 silly tarball no local data for @eslint-community/regexpp@https://registry.npmjs.org/@eslint-community/regexpp/-/regexpp-4.12.2.tgz. Extracting by manifest.
701 silly tarball no local data for @babel/parser@https://registry.npmjs.org/@babel/parser/-/parser-7.29.8.tgz. Extracting by manifest.
702 silly tarball no local data for @babel/helper-validator-option@https://registry.npmjs.org/@babel/helper-validator-option/-/helper-validator-option-7.29.7.tgz. Extracting by manifest.
703 silly tarball no local data for @babel/helper-globals@https://registry.npmjs.org/@babel/helper-globals/-/helper-globals-7.29.7.tgz. Extracting by manifest.
704 silly tarball no local data for @babel/template@https://registry.npmjs.org/@babel/template/-/template-7.29.7.tgz. Extracting by manifest.
705 silly tarball no local data for @babel/helper-validator-identifier@https://registry.npmjs.org/@babel/helper-validator-identifier/-/helper-validator-identifier-7.29.7.tgz. Extracting by manifest.
706 silly tarball no local data for @babel/helper-module-imports@https://registry.npmjs.org/@babel/helper-module-imports/-/helper-module-imports-7.29.7.tgz. Extracting by manifest.
707 silly tarball no local data for @babel/helper-string-parser@https://registry.npmjs.org/@babel/helper-string-parser/-/helper-string-parser-7.29.7.tgz. Extracting by manifest.
708 silly tarball no local data for @babel/generator@https://registry.npmjs.org/@babel/generator/-/generator-7.29.8.tgz. Extracting by manifest.
709 silly tarball no local data for @babel/helper-compilation-targets@https://registry.npmjs.org/@babel/helper-compilation-targets/-/helper-compilation-targets-7.29.7.tgz. Extracting by manifest.
710 silly tarball no local data for @babel/compat-data@https://registry.npmjs.org/@babel/compat-data/-/compat-data-7.29.7.tgz. Extracting by manifest.
711 silly tarball no local data for @babel/helper-module-transforms@https://registry.npmjs.org/@babel/helper-module-transforms/-/helper-module-transforms-7.29.7.tgz. Extracting by manifest.
712 silly tarball no local data for @babel/code-frame@https://registry.npmjs.org/@babel/code-frame/-/code-frame-7.29.7.tgz. Extracting by manifest.
713 silly tarball no local data for eslint-plugin-jsx-a11y@https://registry.npmjs.org/eslint-plugin-jsx-a11y/-/eslint-plugin-jsx-a11y-6.10.2.tgz. Extracting by manifest.
714 silly tarball no local data for @typescript-eslint/eslint-plugin@https://registry.npmjs.org/@typescript-eslint/eslint-plugin/-/eslint-plugin-8.68.0.tgz. Extracting by manifest.
715 silly tarball no local data for @babel/helpers@https://registry.npmjs.org/@babel/helpers/-/helpers-7.29.7.tgz. Extracting by manifest.
716 silly tarball no local data for @alloc/quick-lru@https://registry.npmjs.org/@alloc/quick-lru/-/quick-lru-5.2.0.tgz. Extracting by manifest.
717 silly tarball no local data for @babel/core@https://registry.npmjs.org/@babel/core/-/core-7.29.7.tgz. Extracting by manifest.
718 silly tarball no local data for @babel/types@https://registry.npmjs.org/@babel/types/-/types-7.29.8.tgz. Extracting by manifest.
719 silly tarball no local data for eslint@https://registry.npmjs.org/eslint/-/eslint-9.39.4.tgz. Extracting by manifest.
720 silly tarball no local data for semver@https://registry.npmjs.org/semver/-/semver-7.8.5.tgz. Extracting by manifest.
721 silly tarball no local data for picomatch@https://registry.npmjs.org/picomatch/-/picomatch-4.0.7.tgz. Extracting by manifest.
722 silly tarball no local data for fdir@https://registry.npmjs.org/fdir/-/fdir-6.5.0.tgz. Extracting by manifest.
723 silly tarball no local data for postcss@https://registry.npmjs.org/postcss/-/postcss-8.4.31.tgz. Extracting by manifest.
724 silly tarball no local data for json5@https://registry.npmjs.org/json5/-/json5-1.0.2.tgz. Extracting by manifest.
725 silly tarball no local data for semver@https://registry.npmjs.org/semver/-/semver-7.8.5.tgz. Extracting by manifest.
726 silly tarball no local data for debug@https://registry.npmjs.org/debug/-/debug-3.2.7.tgz. Extracting by manifest.
727 silly tarball no local data for glob-parent@https://registry.npmjs.org/glob-parent/-/glob-parent-5.1.2.tgz. Extracting by manifest.
728 silly tarball no local data for globals@https://registry.npmjs.org/globals/-/globals-16.4.0.tgz. Extracting by manifest.
729 silly tarball no local data for debug@https://registry.npmjs.org/debug/-/debug-3.2.7.tgz. Extracting by manifest.
730 silly tarball no local data for debug@https://registry.npmjs.org/debug/-/debug-3.2.7.tgz. Extracting by manifest.
731 silly tarball no local data for eslint-visitor-keys@https://registry.npmjs.org/eslint-visitor-keys/-/eslint-visitor-keys-5.0.1.tgz. Extracting by manifest.
732 silly tarball no local data for semver@https://registry.npmjs.org/semver/-/semver-7.8.5.tgz. Extracting by manifest.
733 silly tarball no local data for eslint-visitor-keys@https://registry.npmjs.org/eslint-visitor-keys/-/eslint-visitor-keys-3.4.3.tgz. Extracting by manifest.
734 silly tarball no local data for ignore@https://registry.npmjs.org/ignore/-/ignore-7.0.6.tgz. Extracting by manifest.
735 silly tarball no local data for brace-expansion@https://registry.npmjs.org/brace-expansion/-/brace-expansion-5.0.9.tgz. Extracting by manifest.
736 silly tarball no local data for minimatch@https://registry.npmjs.org/minimatch/-/minimatch-10.2.6.tgz. Extracting by manifest.
737 silly tarball no local data for balanced-match@https://registry.npmjs.org/balanced-match/-/balanced-match-4.0.4.tgz. Extracting by manifest.
738 http fetch POST 200 https://registry.npmjs.org/-/npm/v1/security/advisories/bulk 458ms
739 silly audit report {
739 silly audit report   next: [
739 silly audit report     {
739 silly audit report       id: 1124184,
739 silly audit report       url: 'https://github.com/advisories/GHSA-89xv-2m56-2m9x',
739 silly audit report       title: 'Next.js: Server-Side Request Forgery in Server Actions on custom servers',
739 silly audit report       severity: 'high',
739 silly audit report       vulnerable_versions: '>=16.0.0 <16.2.11',
739 silly audit report       cwe: [Array],
739 silly audit report       cvss: [Object]
739 silly audit report     },
739 silly audit report     {
739 silly audit report       id: 1124186,
739 silly audit report       url: 'https://github.com/advisories/GHSA-68g3-v927-f742',
739 silly audit report       title: 'Next.js: Cache confusion of response bodies for requests with bodies',
739 silly audit report       severity: 'moderate',
739 silly audit report       vulnerable_versions: '>=16.0.0 <16.2.11',
739 silly audit report       cwe: [Array],
739 silly audit report       cvss: [Object]
739 silly audit report     },
739 silly audit report     {
739 silly audit report       id: 1124170,
739 silly audit report       url: 'https://github.com/advisories/GHSA-6gpp-xcg3-4w24',
739 silly audit report       title: 'Next.js: Middleware / Proxy bypass in App Router applications using Turbopack and single locale',
739 silly audit report       severity: 'high',
739 silly audit report       vulnerable_versions: '>=16.0.0 <16.2.11',
739 silly audit report       cwe: [Array],
739 silly audit report       cvss: [Object]
739 silly audit report     },
739 silly audit report     {
739 silly audit report       id: 1124171,
739 silly audit report       url: 'https://github.com/advisories/GHSA-m99w-x7hq-7vfj',
739 silly audit report       title: 'Next.js: Denial of Service in App Router using Server Actions',
739 silly audit report       severity: 'high',
739 silly audit report       vulnerable_versions: '>=16.0.0 <16.2.11',
739 silly audit report       cwe: [Array],
739 silly audit report       cvss: [Object]
739 silly audit report     },
739 silly audit report     {
739 silly audit report       id: 1124188,
739 silly audit report       url: 'https://github.com/advisories/GHSA-4633-3j49-mh5q',
739 silly audit report       title: 'Next.js: Cache confusion of response bodies for requests with bodies containing invalid UTF-8 byte sequences',
739 silly audit report       severity: 'moderate',
739 silly audit report       vulnerable_versions: '>=16.0.0 <16.2.11',
739 silly audit report       cwe: [Array],
739 silly audit report       cvss: [Object]
739 silly audit report     },
739 silly audit report     {
739 silly audit report       id: 1124190,
739 silly audit report       url: 'https://github.com/advisories/GHSA-4c39-4ccg-62r3',
739 silly audit report       title: 'Next.js: Unbounded Server Action payload in Edge runtime',
739 silly audit report       severity: 'moderate',
739 silly audit report       vulnerable_versions: '>=16.0.0 <16.2.11',
739 silly audit report       cwe: [Array],
739 silly audit report       cvss: [Object]
739 silly audit report     },
739 silly audit report     {
739 silly audit report       id: 1124192,
739 silly audit report       url: 'https://github.com/advisories/GHSA-p9j2-gv94-2wf4',
739 silly audit report       title: 'Next.js: Server-Side Request Forgery in rewrites via attacker-controlled destination hostname',
739 silly audit report       severity: 'high',
739 silly audit report       vulnerable_versions: '>=16.0.0 <16.2.11',
739 silly audit report       cwe: [Array],
739 silly audit report       cvss: [Object]
739 silly audit report     },
739 silly audit report     {
739 silly audit report       id: 1124194,
739 silly audit report       url: 'https://github.com/advisories/GHSA-q8wf-6r8g-63ch',
739 silly audit report       title: 'Next.js: Denial of Service in the Image Optimization API using SVGs',
739 silly audit report       severity: 'moderate',
739 silly audit report       vulnerable_versions: '>=16.0.0 <16.2.11',
739 silly audit report       cwe: [Array],
739 silly audit report       cvss: [Object]
739 silly audit report     },
739 silly audit report     {
739 silly audit report       id: 1124196,
739 silly audit report       url: 'https://github.com/advisories/GHSA-955p-x3mx-jcvp',
739 silly audit report       title: 'Next.js: Unauthenticated disclosure of internal Server Function endpoints',
739 silly audit report       severity: 'moderate',
739 silly audit report       vulnerable_versions: '>=16.0.0 <16.2.11',
739 silly audit report       cwe: [Array],
739 silly audit report       cvss: [Object]
739 silly audit report     }
739 silly audit report   ],
739 silly audit report   postcss: [
739 silly audit report     {
739 silly audit report       id: 1130709,
739 silly audit report       url: 'https://github.com/advisories/GHSA-fxqj-rqcc-2cmp',
739 silly audit report       title: 'PostCSS: incomplete fix of GHSA-6g55-p6wh-862q — attacker-controlled sourceMappingURL reads arbitrary .map files when `from` is unset',
739 silly audit report       severity: 'moderate',
739 silly audit report       vulnerable_versions: '<=8.5.22',
739 silly audit report       cwe: [Array],
739 silly audit report       cvss: [Object]
739 silly audit report     },
739 silly audit report     {
739 silly audit report       id: 1117015,
739 silly audit report       url: 'https://github.com/advisories/GHSA-qx2v-qp2m-jg93',
739 silly audit report       title: 'PostCSS has XSS via Unescaped </style> in its CSS Stringify Output',
739 silly audit report       severity: 'moderate',
739 silly audit report       vulnerable_versions: '<8.5.10',
739 silly audit report       cwe: [Array],
739 silly audit report       cvss: [Object]
739 silly audit report     },
739 silly audit report     {
739 silly audit report       id: 1124252,
739 silly audit report       url: 'https://github.com/advisories/GHSA-6g55-p6wh-862q',
739 silly audit report       title: 'PostCSS: Arbitrary file read and information disclosure via attacker-controlled sourceMappingURL in CSS comments',
739 silly audit report       severity: 'high',
739 silly audit report       vulnerable_versions: '<=8.5.11',
739 silly audit report       cwe: [Array],
739 silly audit report       cvss: [Object]
739 silly audit report     },
739 silly audit report     {
739 silly audit report       id: 1139510,
739 silly audit report       url: 'https://github.com/advisories/GHSA-r28c-9q8g-f849',
739 silly audit report       title: 'PostCSS: Path Traversal in Previous Source Map Auto-Loading (sourceMappingURL) leads to Arbitrary .map File Disclosure',
739 silly audit report       severity: 'high',
739 silly audit report       vulnerable_versions: '<=8.5.17',
739 silly audit report       cwe: [Array],
739 silly audit report       cvss: [Object]
739 silly audit report     }
739 silly audit report   ],
739 silly audit report   sharp: [
739 silly audit report     {
739 silly audit report       id: 1124066,
739 silly audit report       url: 'https://github.com/advisories/GHSA-f88m-g3jw-g9cj',
739 silly audit report       title: 'sharp inherited vulnerabilities in libvips: CVE-2026-33327, CVE-2026-33328, CVE-2026-35590, CVE-2026-35591',
739 silly audit report       severity: 'high',
739 silly audit report       vulnerable_versions: '<0.35.0',
739 silly audit report       cwe: [Array],
739 silly audit report       cvss: [Object]
739 silly audit report     }
739 silly audit report   ]
739 silly audit report }
740 silly packumentCache corgi:https://registry.npmjs.org/next cache-miss
741 silly packumentCache corgi:https://registry.npmjs.org/postcss cache-miss
742 silly packumentCache corgi:https://registry.npmjs.org/sharp cache-miss
743 http fetch GET 200 https://registry.npmjs.org/yallist/-/yallist-3.1.1.tgz 441ms (cache miss)
744 http fetch GET 200 https://registry.npmjs.org/word-wrap/-/word-wrap-1.2.5.tgz 439ms (cache miss)
745 http fetch GET 200 https://registry.npmjs.org/which/-/which-2.0.2.tgz 468ms (cache miss)
746 http fetch GET 200 https://registry.npmjs.org/yocto-queue/-/yocto-queue-0.1.0.tgz 478ms (cache miss)
747 http fetch GET 200 https://registry.npmjs.org/typed-array-length/-/typed-array-length-1.0.8.tgz 483ms (cache miss)
748 http fetch GET 200 https://registry.npmjs.org/update-browserslist-db/-/update-browserslist-db-1.3.1.tgz 518ms (cache miss)
749 http fetch GET 200 https://registry.npmjs.org/supports-color/-/supports-color-7.2.0.tgz 530ms (cache miss)
750 http fetch GET 200 https://registry.npmjs.org/which-collection/-/which-collection-1.0.2.tgz 560ms (cache miss)
751 http fetch GET 200 https://registry.npmjs.org/strip-json-comments/-/strip-json-comments-3.1.1.tgz 553ms (cache miss)
752 http fetch GET 200 https://registry.npmjs.org/unrs-resolver/-/unrs-resolver-1.12.2.tgz 567ms (cache miss)
753 http fetch GET 200 https://registry.npmjs.org/strip-bom/-/strip-bom-3.0.0.tgz 561ms (cache miss)
754 http fetch GET 200 https://registry.npmjs.org/to-regex-range/-/to-regex-range-5.0.1.tgz 611ms (cache miss)
755 http fetch GET 200 https://registry.npmjs.org/typed-array-buffer/-/typed-array-buffer-1.0.3.tgz 652ms (cache miss)
756 http fetch GET 200 https://registry.npmjs.org/type-check/-/type-check-0.4.0.tgz 667ms (cache miss)
757 http fetch GET 200 https://registry.npmjs.org/which-builtin-type/-/which-builtin-type-1.2.1.tgz 685ms (cache miss)
758 http fetch GET 200 https://registry.npmjs.org/typed-array-byte-length/-/typed-array-byte-length-1.0.3.tgz 695ms (cache miss)
759 http fetch GET 200 https://registry.npmjs.org/zod-validation-error/-/zod-validation-error-4.0.2.tgz 722ms (cache miss)
760 http fetch GET 200 https://registry.npmjs.org/unbox-primitive/-/unbox-primitive-1.1.0.tgz 711ms (cache miss)
761 http fetch GET 200 https://registry.npmjs.org/typed-array-byte-offset/-/typed-array-byte-offset-1.0.4.tgz 712ms (cache miss)
762 http fetch GET 200 https://registry.npmjs.org/shebang-command/-/shebang-command-2.0.0.tgz 723ms (cache miss)
763 http fetch GET 200 https://registry.npmjs.org/shebang-regex/-/shebang-regex-3.0.0.tgz 724ms (cache miss)
764 http fetch GET 200 https://registry.npmjs.org/which-typed-array/-/which-typed-array-1.1.22.tgz 763ms (cache miss)
765 http fetch GET 200 https://registry.npmjs.org/tinyglobby/-/tinyglobby-0.2.17.tgz 750ms (cache miss)
766 http fetch GET 200 https://registry.npmjs.org/which-boxed-primitive/-/which-boxed-primitive-1.1.1.tgz 767ms (cache miss)
767 http fetch GET 200 https://registry.npmjs.org/run-parallel/-/run-parallel-1.2.0.tgz 767ms (cache miss)
768 http fetch GET 200 https://registry.npmjs.org/stable-hash/-/stable-hash-0.0.5.tgz 784ms (cache miss)
769 http fetch GET 200 https://registry.npmjs.org/safe-array-concat/-/safe-array-concat-1.1.4.tgz 783ms (cache miss)
770 http fetch GET 200 https://registry.npmjs.org/resolve-from/-/resolve-from-4.0.0.tgz 793ms (cache miss)
771 http fetch GET 200 https://registry.npmjs.org/supports-preserve-symlinks-flag/-/supports-preserve-symlinks-flag-1.0.0.tgz 817ms (cache miss)
772 http fetch GET 200 https://registry.npmjs.org/typescript-eslint/-/typescript-eslint-8.68.0.tgz 861ms (cache miss)
773 http fetch GET 200 https://registry.npmjs.org/picocolors/-/picocolors-1.1.1.tgz 849ms (cache miss)
774 http fetch GET 200 https://registry.npmjs.org/p-limit/-/p-limit-3.1.0.tgz 856ms (cache miss)
775 http fetch GET 200 https://registry.npmjs.org/path-key/-/path-key-3.1.1.tgz 859ms (cache miss)
776 http fetch GET 200 https://registry.npmjs.org/path-exists/-/path-exists-4.0.0.tgz 875ms (cache miss)
777 http fetch GET 200 https://registry.npmjs.org/path-parse/-/path-parse-1.0.7.tgz 879ms (cache miss)
778 http fetch GET 200 https://registry.npmjs.org/queue-microtask/-/queue-microtask-1.2.3.tgz 888ms (cache miss)
779 http fetch GET 200 https://registry.npmjs.org/punycode/-/punycode-2.3.1.tgz 887ms (cache miss)
780 http fetch GET 200 https://registry.npmjs.org/ms/-/ms-2.1.3.tgz 916ms (cache miss)
781 http fetch GET 200 https://registry.npmjs.org/p-locate/-/p-locate-5.0.0.tgz 923ms (cache miss)
782 http fetch GET 200 https://registry.npmjs.org/set-function-name/-/set-function-name-2.0.2.tgz 952ms (cache miss)
783 http fetch GET 200 https://registry.npmjs.org/parent-module/-/parent-module-1.0.1.tgz 941ms (cache miss)
784 http fetch GET 200 https://registry.npmjs.org/optionator/-/optionator-0.9.4.tgz 949ms (cache miss)
785 http fetch GET 200 https://registry.npmjs.org/stop-iteration-iterator/-/stop-iteration-iterator-1.1.0.tgz 971ms (cache miss)
786 http fetch GET 200 https://registry.npmjs.org/merge2/-/merge2-1.4.1.tgz 1004ms (cache miss)
787 http fetch GET 200 https://registry.npmjs.org/natural-compare/-/natural-compare-1.4.0.tgz 1027ms (cache miss)
788 http fetch GET 200 https://registry.npmjs.org/object-assign/-/object-assign-4.1.1.tgz 1033ms (cache miss)
789 http fetch GET 200 https://registry.npmjs.org/side-channel-weakmap/-/side-channel-weakmap-1.0.2.tgz 1086ms (cache miss)
790 http fetch GET 200 https://registry.npmjs.org/string.prototype.repeat/-/string.prototype.repeat-1.0.0.tgz 1093ms (cache miss)
791 http fetch GET 200 https://registry.npmjs.org/resolve-pkg-maps/-/resolve-pkg-maps-1.0.0.tgz 1085ms (cache miss)
792 http fetch GET 200 https://registry.npmjs.org/loose-envify/-/loose-envify-1.4.0.tgz 1082ms (cache miss)
793 http fetch GET 200 https://registry.npmjs.org/levn/-/levn-0.4.1.tgz 1088ms (cache miss)
794 http fetch GET 200 https://registry.npmjs.org/json-stable-stringify-without-jsonify/-/json-stable-stringify-without-jsonify-1.0.1.tgz 1104ms (cache miss)
795 http fetch GET 200 https://registry.npmjs.org/semver/-/semver-6.3.1.tgz 1132ms (cache miss)
796 http fetch GET 200 https://registry.npmjs.org/locate-path/-/locate-path-6.0.0.tgz 1135ms (cache miss)
797 http fetch GET 200 https://registry.npmjs.org/json-buffer/-/json-buffer-3.0.1.tgz 1132ms (cache miss)
798 http fetch GET 200 https://registry.npmjs.org/micromatch/-/micromatch-4.0.8.tgz 1141ms (cache miss)
799 http fetch GET 200 https://registry.npmjs.org/minimatch/-/minimatch-3.1.5.tgz 1156ms (cache miss)
800 http fetch GET 200 https://registry.npmjs.org/keyv/-/keyv-4.5.4.tgz 1155ms (cache miss)
801 http fetch GET 200 https://registry.npmjs.org/safe-push-apply/-/safe-push-apply-1.0.0.tgz 1182ms (cache miss)
802 http fetch GET 200 https://registry.npmjs.org/node-releases/-/node-releases-2.0.53.tgz 1191ms (cache miss)
803 http fetch GET 200 https://registry.npmjs.org/isexe/-/isexe-2.0.0.tgz 1205ms (cache miss)
804 http fetch GET 200 https://registry.npmjs.org/side-channel-map/-/side-channel-map-1.0.1.tgz 1237ms (cache miss)
805 http fetch GET 200 https://registry.npmjs.org/lodash.merge/-/lodash.merge-4.6.2.tgz 1223ms (cache miss)
806 http fetch GET 200 https://registry.npmjs.org/is-weakmap/-/is-weakmap-2.0.2.tgz 1213ms (cache miss)
807 http fetch GET 200 https://registry.npmjs.org/isarray/-/isarray-2.0.5.tgz 1220ms (cache miss)
808 http fetch GET 200 https://registry.npmjs.org/js-tokens/-/js-tokens-4.0.0.tgz 1221ms (cache miss)
809 http fetch GET 200 https://registry.npmjs.org/set-function-length/-/set-function-length-1.2.2.tgz 1255ms (cache miss)
810 http fetch GET 200 https://registry.npmjs.org/safe-regex-test/-/safe-regex-test-1.1.0.tgz 1254ms (cache miss)
811 http fetch GET 200 https://registry.npmjs.org/is-shared-array-buffer/-/is-shared-array-buffer-1.0.4.tgz 1237ms (cache miss)
812 http fetch GET 200 https://registry.npmjs.org/is-weakset/-/is-weakset-2.0.4.tgz 1237ms (cache miss)
813 http fetch GET 200 https://registry.npmjs.org/side-channel/-/side-channel-1.1.1.tgz 1274ms (cache miss)
814 http fetch GET 200 https://registry.npmjs.org/side-channel-list/-/side-channel-list-1.0.1.tgz 1279ms (cache miss)
815 http fetch GET 200 https://registry.npmjs.org/possible-typed-array-names/-/possible-typed-array-names-1.1.0.tgz 1274ms (cache miss)
816 http fetch GET 200 https://registry.npmjs.org/is-set/-/is-set-2.0.3.tgz 1256ms (cache miss)
817 http fetch GET 200 https://registry.npmjs.org/lru-cache/-/lru-cache-5.1.1.tgz 1288ms (cache miss)
818 http fetch GET 200 https://registry.npmjs.org/is-number/-/is-number-7.0.0.tgz 1274ms (cache miss)
819 http fetch GET 200 https://registry.npmjs.org/react-is/-/react-is-16.13.1.tgz 1327ms (cache miss)
820 http fetch GET 200 https://registry.npmjs.org/language-tags/-/language-tags-1.0.9.tgz 1334ms (cache miss)
821 http fetch GET 200 https://registry.npmjs.org/is-glob/-/is-glob-4.0.3.tgz 1326ms (cache miss)
822 http fetch GET 200 https://registry.npmjs.org/jsesc/-/jsesc-3.1.0.tgz 1339ms (cache miss)
823 http fetch GET 200 https://registry.npmjs.org/is-boolean-object/-/is-boolean-object-1.2.2.tgz 1328ms (cache miss)
824 http fetch GET 200 https://registry.npmjs.org/is-extglob/-/is-extglob-2.1.1.tgz 1345ms (cache miss)
825 http fetch GET 200 https://registry.npmjs.org/import-fresh/-/import-fresh-3.3.1.tgz 1340ms (cache miss)
826 http fetch GET 200 https://registry.npmjs.org/is-core-module/-/is-core-module-2.16.2.tgz 1366ms (cache miss)
827 http fetch GET 200 https://registry.npmjs.org/is-bun-module/-/is-bun-module-2.0.0.tgz 1370ms (cache miss)
828 http fetch GET 200 https://registry.npmjs.org/string.prototype.trimend/-/string.prototype.trimend-1.0.10.tgz 1429ms (cache miss)
829 http fetch GET 200 https://registry.npmjs.org/tslib/-/tslib-2.8.1.tgz 1435ms (cache miss)
830 http fetch GET 200 https://registry.npmjs.org/is-callable/-/is-callable-1.2.7.tgz 1390ms (cache miss)
831 http fetch GET 200 https://registry.npmjs.org/is-bigint/-/is-bigint-1.1.0.tgz 1407ms (cache miss)
832 http fetch GET 200 https://registry.npmjs.org/internal-slot/-/internal-slot-1.1.0.tgz 1413ms (cache miss)
833 http fetch GET 200 https://registry.npmjs.org/imurmurhash/-/imurmurhash-0.1.4.tgz 1460ms (cache miss)
834 http fetch GET 200 https://registry.npmjs.org/gopd/-/gopd-1.2.0.tgz 1463ms (cache miss)
835 http fetch GET 200 https://registry.npmjs.org/has-symbols/-/has-symbols-1.1.0.tgz 1492ms (cache miss)
836 http fetch GET 200 https://registry.npmjs.org/has-flag/-/has-flag-4.0.0.tgz 1493ms (cache miss)
837 http fetch GET 200 https://registry.npmjs.org/hasown/-/hasown-2.0.4.tgz 1497ms (cache miss)
838 http fetch GET 200 https://registry.npmjs.org/string.prototype.trimstart/-/string.prototype.trimstart-1.0.8.tgz 1552ms (cache miss)
839 http fetch GET 200 https://registry.npmjs.org/globalthis/-/globalthis-1.0.4.tgz 1517ms (cache miss)
840 http fetch GET 200 https://registry.npmjs.org/graceful-fs/-/graceful-fs-4.2.11.tgz 1523ms (cache miss)
841 http fetch GET 200 https://registry.npmjs.org/functions-have-names/-/functions-have-names-1.2.3.tgz 1520ms (cache miss)
842 http fetch GET 200 https://registry.npmjs.org/ts-api-utils/-/ts-api-utils-2.5.0.tgz 1596ms (cache miss)
843 http fetch GET 200 https://registry.npmjs.org/prelude-ls/-/prelude-ls-1.2.1.tgz 1578ms (cache miss)
844 http fetch GET 200 https://registry.npmjs.org/set-proto/-/set-proto-1.0.0.tgz 1586ms (cache miss)
845 http fetch GET 200 https://registry.npmjs.org/get-intrinsic/-/get-intrinsic-1.3.0.tgz 1550ms (cache miss)
846 http fetch GET 200 https://registry.npmjs.org/has-proto/-/has-proto-1.2.0.tgz 1555ms (cache miss)
847 http fetch GET 200 https://registry.npmjs.org/find-up/-/find-up-5.0.0.tgz 1548ms (cache miss)
848 http fetch GET 200 https://registry.npmjs.org/has-property-descriptors/-/has-property-descriptors-1.0.2.tgz 1561ms (cache miss)
849 http fetch GET 200 https://registry.npmjs.org/has-bigints/-/has-bigints-1.1.0.tgz 1565ms (cache miss)
850 http fetch GET 200 https://registry.npmjs.org/own-keys/-/own-keys-1.0.2.tgz 1630ms (cache miss)
851 http fetch GET 200 https://registry.npmjs.org/iterator.prototype/-/iterator.prototype-1.1.5.tgz 1618ms (cache miss)
852 http fetch GET 200 https://registry.npmjs.org/picomatch/-/picomatch-2.3.2.tgz 1645ms (cache miss)
853 http fetch GET 200 https://registry.npmjs.org/object-keys/-/object-keys-1.1.1.tgz 1648ms (cache miss)
854 http fetch GET 200 https://registry.npmjs.org/glob-parent/-/glob-parent-6.0.2.tgz 1627ms (cache miss)
855 http fetch GET 200 https://registry.npmjs.org/generator-function/-/generator-function-2.0.1.tgz 1627ms (cache miss)
856 http fetch GET 200 https://registry.npmjs.org/function.prototype.name/-/function.prototype.name-1.2.0.tgz 1630ms (cache miss)
857 http fetch GET 200 https://registry.npmjs.org/function-bind/-/function-bind-1.1.2.tgz 1640ms (cache miss)
858 http fetch GET 200 https://registry.npmjs.org/esutils/-/esutils-2.0.3.tgz 1638ms (cache miss)
859 http fetch GET 200 https://registry.npmjs.org/fast-levenshtein/-/fast-levenshtein-2.0.6.tgz 1642ms (cache miss)
860 http fetch GET 200 https://registry.npmjs.org/gensync/-/gensync-1.0.0-beta.2.tgz 1876ms (cache miss)
861 http fetch GET 200 https://registry.npmjs.org/fill-range/-/fill-range-7.1.1.tgz 1875ms (cache miss)
862 http fetch GET 200 https://registry.npmjs.org/esrecurse/-/esrecurse-4.3.0.tgz 1883ms (cache miss)
863 http fetch GET 200 https://registry.npmjs.org/ignore/-/ignore-5.3.2.tgz 1907ms (cache miss)
864 http fetch GET 200 https://registry.npmjs.org/file-entry-cache/-/file-entry-cache-8.0.0.tgz 1938ms (cache miss)
865 http fetch GET 200 https://registry.npmjs.org/estraverse/-/estraverse-5.3.0.tgz 1942ms (cache miss)
866 http fetch GET 200 https://registry.npmjs.org/fast-deep-equal/-/fast-deep-equal-3.1.3.tgz 1947ms (cache miss)
867 http fetch GET 200 https://registry.npmjs.org/fast-json-stable-stringify/-/fast-json-stable-stringify-2.1.0.tgz 2036ms (cache miss)
868 http fetch GET 200 https://registry.npmjs.org/json-schema-traverse/-/json-schema-traverse-0.4.1.tgz 2080ms (cache miss)
869 http fetch GET 200 https://registry.npmjs.org/escape-string-regexp/-/escape-string-regexp-4.0.0.tgz 2102ms (cache miss)
870 http fetch GET 200 https://registry.npmjs.org/eslint-config-next/-/eslint-config-next-16.2.6.tgz 2106ms (cache miss)
871 http fetch GET 200 https://registry.npmjs.org/eslint-visitor-keys/-/eslint-visitor-keys-4.2.1.tgz 2114ms (cache miss)
872 http fetch GET 200 https://registry.npmjs.org/eslint-import-resolver-node/-/eslint-import-resolver-node-0.3.10.tgz 2121ms (cache miss)
873 http fetch GET 200 https://registry.npmjs.org/es-define-property/-/es-define-property-1.0.1.tgz 2219ms (cache miss)
874 http fetch GET 200 https://registry.npmjs.org/string.prototype.trim/-/string.prototype.trim-1.2.11.tgz 2303ms (cache miss)
875 http fetch GET 200 https://registry.npmjs.org/es-object-atoms/-/es-object-atoms-1.1.2.tgz 2243ms (cache miss)
876 http fetch GET 200 https://registry.npmjs.org/data-view-byte-length/-/data-view-byte-length-1.0.2.tgz 2243ms (cache miss)
877 http fetch GET 200 https://registry.npmjs.org/reusify/-/reusify-1.1.0.tgz 2321ms (cache miss)
878 http fetch GET 200 https://registry.npmjs.org/es-errors/-/es-errors-1.3.0.tgz 2280ms (cache miss)
879 http fetch GET 200 https://registry.npmjs.org/prop-types/-/prop-types-15.8.1.tgz 2347ms (cache miss)
880 http fetch GET 200 https://registry.npmjs.org/dunder-proto/-/dunder-proto-1.0.1.tgz 2287ms (cache miss)
881 http fetch GET 200 https://registry.npmjs.org/escalade/-/escalade-3.2.0.tgz 2308ms (cache miss)
882 http fetch GET 200 https://registry.npmjs.org/data-view-byte-offset/-/data-view-byte-offset-1.0.1.tgz 2301ms (cache miss)
883 http fetch GET 200 https://registry.npmjs.org/detect-libc/-/detect-libc-2.1.2.tgz 2308ms (cache miss)
884 http fetch GET 200 https://registry.npmjs.org/damerau-levenshtein/-/damerau-levenshtein-1.0.8.tgz 2330ms (cache miss)
885 http fetch GET 200 https://registry.npmjs.org/es-to-primitive/-/es-to-primitive-1.3.4.tgz 2346ms (cache miss)
886 http fetch GET 200 https://registry.npmjs.org/es-abstract-get/-/es-abstract-get-1.0.0.tgz 2343ms (cache miss)
887 http fetch GET 200 https://registry.npmjs.org/globals/-/globals-14.0.0.tgz 2370ms (cache miss)
888 http fetch GET 200 https://registry.npmjs.org/color-name/-/color-name-1.1.4.tgz 2340ms (cache miss)
889 http fetch GET 200 https://registry.npmjs.org/define-properties/-/define-properties-1.2.1.tgz 2346ms (cache miss)
890 http fetch GET 200 https://registry.npmjs.org/deep-is/-/deep-is-0.1.4.tgz 2372ms (cache miss)
891 http fetch GET 200 https://registry.npmjs.org/es-shim-unscopables/-/es-shim-unscopables-1.1.0.tgz 2380ms (cache miss)
892 http fetch GET 200 https://registry.npmjs.org/call-bound/-/call-bound-1.0.4.tgz 2373ms (cache miss)
893 http fetch GET 200 https://registry.npmjs.org/callsites/-/callsites-3.1.0.tgz 2374ms (cache miss)
894 http fetch GET 200 https://registry.npmjs.org/balanced-match/-/balanced-match-1.0.2.tgz 2375ms (cache miss)
895 http fetch GET 200 https://registry.npmjs.org/available-typed-arrays/-/available-typed-arrays-1.0.7.tgz 2438ms (cache miss)
896 http fetch GET 200 https://registry.npmjs.org/ast-types-flow/-/ast-types-flow-0.0.8.tgz 2445ms (cache miss)
897 http fetch GET 200 https://registry.npmjs.org/string.prototype.matchall/-/string.prototype.matchall-4.0.12.tgz 2548ms (cache miss)
898 http fetch GET 200 https://registry.npmjs.org/data-view-buffer/-/data-view-buffer-1.0.2.tgz 2563ms (cache miss)
899 http fetch GET 200 https://registry.npmjs.org/convert-source-map/-/convert-source-map-2.0.0.tgz 2564ms (cache miss)
900 http fetch GET 200 https://registry.npmjs.org/chalk/-/chalk-4.1.2.tgz 2565ms (cache miss)
901 http fetch GET 200 https://registry.npmjs.org/client-only/-/client-only-0.0.1.tgz 2569ms (cache miss)
902 http fetch GET 200 https://registry.npmjs.org/cross-spawn/-/cross-spawn-7.0.6.tgz 2580ms (cache miss)
903 http fetch GET 200 https://registry.npmjs.org/array.prototype.flatmap/-/array.prototype.flatmap-1.3.3.tgz 2624ms (cache miss)
904 http fetch GET 200 https://registry.npmjs.org/array.prototype.tosorted/-/array.prototype.tosorted-1.1.4.tgz 2635ms (cache miss)
905 http fetch GET 200 https://registry.npmjs.org/arraybuffer.prototype.slice/-/arraybuffer.prototype.slice-1.0.4.tgz 2635ms (cache miss)
906 http fetch GET 200 https://registry.npmjs.org/is-weakref/-/is-weakref-1.1.1.tgz 2700ms (cache miss)
907 http fetch GET 200 https://registry.npmjs.org/reflect.getprototypeof/-/reflect.getprototypeof-1.0.10.tgz 2725ms (cache miss)
908 http fetch GET 200 https://registry.npmjs.org/is-string/-/is-string-1.1.1.tgz 2734ms (cache miss)
909 http fetch GET 200 https://registry.npmjs.org/concat-map/-/concat-map-0.0.1.tgz 2687ms (cache miss)
910 http fetch GET 200 https://registry.npmjs.org/call-bind-apply-helpers/-/call-bind-apply-helpers-1.0.2.tgz 2711ms (cache miss)
911 http fetch GET 200 https://registry.npmjs.org/brace-expansion/-/brace-expansion-1.1.18.tgz 2716ms (cache miss)
912 http fetch GET 200 https://registry.npmjs.org/@typescript-eslint/tsconfig-utils/-/tsconfig-utils-8.68.0.tgz 2742ms (cache miss)
913 http fetch GET 200 https://registry.npmjs.org/array-includes/-/array-includes-3.1.9.tgz 2791ms (cache miss)
914 http fetch GET 200 https://registry.npmjs.org/array.prototype.flat/-/array.prototype.flat-1.3.3.tgz 2797ms (cache miss)
915 http fetch GET 200 https://registry.npmjs.org/acorn-jsx/-/acorn-jsx-5.3.2.tgz 2793ms (cache miss)
916 http fetch GET 200 https://registry.npmjs.org/is-regex/-/is-regex-1.2.1.tgz 2872ms (cache miss)
917 http fetch GET 200 https://registry.npmjs.org/array-buffer-byte-length/-/array-buffer-byte-length-1.0.2.tgz 2844ms (cache miss)
918 http fetch GET 200 https://registry.npmjs.org/@types/json-schema/-/json-schema-7.0.15.tgz 2852ms (cache miss)
919 http fetch GET 200 https://registry.npmjs.org/ansi-styles/-/ansi-styles-4.3.0.tgz 2906ms (cache miss)
920 http fetch GET 200 https://registry.npmjs.org/@nodelib/fs.walk/-/fs.walk-1.2.8.tgz 2896ms (cache miss)
921 http fetch GET 200 https://registry.npmjs.org/array.prototype.findlast/-/array.prototype.findlast-1.2.5.tgz 2921ms (cache miss)
922 http fetch GET 200 https://registry.npmjs.org/is-document.all/-/is-document.all-1.0.0.tgz 2981ms (cache miss)
923 http fetch GET 200 https://registry.npmjs.org/@types/react-dom/-/react-dom-19.2.3.tgz 2930ms (cache miss)
924 http fetch GET 200 https://registry.npmjs.org/flat-cache/-/flat-cache-4.0.1.tgz 2990ms (cache miss)
925 http fetch GET 200 https://registry.npmjs.org/@next/env/-/env-16.2.6.tgz 2979ms (cache miss)
926 http fetch GET 200 https://registry.npmjs.org/is-finalizationregistry/-/is-finalizationregistry-1.1.1.tgz 3085ms (cache miss)
927 http fetch GET 200 https://registry.npmjs.org/is-typed-array/-/is-typed-array-1.1.15.tgz 3099ms (cache miss)
928 http fetch GET 200 https://registry.npmjs.org/is-symbol/-/is-symbol-1.1.1.tgz 3125ms (cache miss)
929 http fetch GET 200 https://registry.npmjs.org/@types/estree/-/estree-1.0.9.tgz 3054ms (cache miss)
930 http fetch GET 200 https://registry.npmjs.org/@rtsao/scc/-/scc-1.1.0.tgz 3069ms (cache miss)
931 http fetch GET 200 https://registry.npmjs.org/@nodelib/fs.scandir/-/fs.scandir-2.1.5.tgz 3071ms (cache miss)
932 http fetch GET 200 https://registry.npmjs.org/is-array-buffer/-/is-array-buffer-3.0.5.tgz 3185ms (cache miss)
933 http fetch GET 200 https://registry.npmjs.org/@jridgewell/resolve-uri/-/resolve-uri-3.1.2.tgz 3156ms (cache miss)
934 http fetch GET 200 https://registry.npmjs.org/@humanfs/core/-/core-0.19.2.tgz 3161ms (cache miss)
935 http fetch GET 200 https://registry.npmjs.org/@humanfs/types/-/types-0.15.0.tgz 3171ms (cache miss)
936 http fetch GET 200 https://registry.npmjs.org/@typescript-eslint/visitor-keys/-/visitor-keys-8.68.0.tgz 3196ms (cache miss)
937 http fetch GET 200 https://registry.npmjs.org/@types/json5/-/json5-0.0.29.tgz 3194ms (cache miss)
938 http fetch GET 200 https://registry.npmjs.org/@nolyfill/is-core-module/-/is-core-module-1.0.39.tgz 3222ms (cache miss)
939 http fetch GET 200 https://registry.npmjs.org/@jridgewell/remapping/-/remapping-2.3.5.tgz 3218ms (cache miss)
940 http fetch GET 200 https://registry.npmjs.org/@tailwindcss/oxide/-/oxide-4.2.1.tgz 3229ms (cache miss)
941 http fetch GET 200 https://registry.npmjs.org/scheduler/-/scheduler-0.27.0.tgz 3355ms (cache miss)
942 http fetch GET 200 https://registry.npmjs.org/@eslint/object-schema/-/object-schema-2.1.7.tgz 3239ms (cache miss)
943 http fetch GET 200 https://registry.npmjs.org/is-negative-zero/-/is-negative-zero-2.0.3.tgz 3353ms (cache miss)
944 http fetch GET 200 https://registry.npmjs.org/is-number-object/-/is-number-object-1.1.1.tgz 3358ms (cache miss)
945 http fetch GET 200 https://registry.npmjs.org/@nodelib/fs.stat/-/fs.stat-2.0.5.tgz 3292ms (cache miss)
946 http fetch GET 200 https://registry.npmjs.org/object.fromentries/-/object.fromentries-2.0.8.tgz 3394ms (cache miss)
947 http fetch GET 200 https://registry.npmjs.org/@eslint/config-helpers/-/config-helpers-0.4.2.tgz 3281ms (cache miss)
948 http fetch GET 200 https://registry.npmjs.org/@eslint/js/-/js-9.39.4.tgz 3304ms (cache miss)
949 http fetch GET 200 https://registry.npmjs.org/@humanwhocodes/module-importer/-/module-importer-1.0.1.tgz 3310ms (cache miss)
950 http fetch GET 200 https://registry.npmjs.org/is-async-function/-/is-async-function-2.1.1.tgz 3392ms (cache miss)
951 http fetch GET 200 https://registry.npmjs.org/is-data-view/-/is-data-view-1.0.2.tgz 3429ms (cache miss)
952 http fetch GET 200 https://registry.npmjs.org/is-date-object/-/is-date-object-1.1.0.tgz 3432ms (cache miss)
953 http fetch GET 200 https://registry.npmjs.org/color-convert/-/color-convert-2.0.1.tgz 3391ms (cache miss)
954 http fetch GET 200 https://registry.npmjs.org/@babel/helper-globals/-/helper-globals-7.29.7.tgz 3356ms (cache miss)
955 http fetch GET 200 https://registry.npmjs.org/@babel/helper-module-imports/-/helper-module-imports-7.29.7.tgz 3361ms (cache miss)
956 http fetch GET 200 https://registry.npmjs.org/is-map/-/is-map-2.0.3.tgz 3484ms (cache miss)
957 http fetch GET 200 https://registry.npmjs.org/@babel/compat-data/-/compat-data-7.29.7.tgz 3417ms (cache miss)
958 http fetch GET 200 https://registry.npmjs.org/get-tsconfig/-/get-tsconfig-4.14.3.tgz 3519ms (cache miss)
959 http fetch GET 200 https://registry.npmjs.org/@babel/helper-validator-option/-/helper-validator-option-7.29.7.tgz 3466ms (cache miss)
960 http fetch GET 200 https://registry.npmjs.org/object.groupby/-/object.groupby-1.0.3.tgz 3691ms (cache miss)
961 http fetch GET 200 https://registry.npmjs.org/@babel/code-frame/-/code-frame-7.29.7.tgz 3576ms (cache miss)
962 http fetch GET 200 https://registry.npmjs.org/is-generator-function/-/is-generator-function-1.1.2.tgz 3703ms (cache miss)
963 http fetch GET 200 https://registry.npmjs.org/eslint-visitor-keys/-/eslint-visitor-keys-3.4.3.tgz 3636ms (cache miss)
964 http fetch GET 200 https://registry.npmjs.org/fdir/-/fdir-6.5.0.tgz 3653ms (cache miss)
965 http fetch GET 200 https://registry.npmjs.org/debug/-/debug-4.4.3.tgz 3747ms (cache miss)
966 http fetch GET 200 https://registry.npmjs.org/glob-parent/-/glob-parent-5.1.2.tgz 3696ms (cache miss)
967 http fetch GET 200 https://registry.npmjs.org/balanced-match/-/balanced-match-4.0.4.tgz 3682ms (cache miss)
968 http fetch GET 200 https://registry.npmjs.org/@alloc/quick-lru/-/quick-lru-5.2.0.tgz 3717ms (cache miss)
969 http fetch GET 200 https://registry.npmjs.org/object.values/-/object.values-1.2.1.tgz 3860ms (cache miss)
970 http fetch GET 200 https://registry.npmjs.org/eslint-visitor-keys/-/eslint-visitor-keys-5.0.1.tgz 3742ms (cache miss)
971 http fetch GET 200 https://registry.npmjs.org/@img/colour/-/colour-1.1.0.tgz 3791ms (cache miss)
972 http fetch GET 200 https://registry.npmjs.org/brace-expansion/-/brace-expansion-5.0.9.tgz 3781ms (cache miss)
973 http fetch GET 200 https://registry.npmjs.org/@babel/helper-string-parser/-/helper-string-parser-7.29.7.tgz 3829ms (cache miss)
974 http fetch GET 200 https://registry.npmjs.org/eslint-import-resolver-typescript/-/eslint-import-resolver-typescript-3.10.1.tgz 3988ms (cache miss)
975 http fetch GET 200 https://registry.npmjs.org/es-set-tostringtag/-/es-set-tostringtag-2.1.0.tgz 3977ms (cache miss)
976 http fetch GET 200 https://registry.npmjs.org/regexp.prototype.flags/-/regexp.prototype.flags-1.5.4.tgz 4070ms (cache miss)
977 http fetch GET 200 https://registry.npmjs.org/get-symbol-description/-/get-symbol-description-1.1.0.tgz 4040ms (cache miss)
978 http fetch GET 200 https://registry.npmjs.org/argparse/-/argparse-2.0.1.tgz 4053ms (cache miss)
979 http fetch GET 200 https://registry.npmjs.org/@eslint/core/-/core-0.17.0.tgz 4112ms (cache miss)
980 http fetch GET 200 https://registry.npmjs.org/define-data-property/-/define-data-property-1.1.4.tgz 4189ms (cache miss)
981 http fetch GET 200 https://registry.npmjs.org/string.prototype.includes/-/string.prototype.includes-2.0.1.tgz 4286ms (cache miss)
982 http fetch GET 200 https://registry.npmjs.org/espree/-/espree-10.4.0.tgz 4220ms (cache miss)
983 http fetch GET 200 https://registry.npmjs.org/ignore/-/ignore-7.0.6.tgz 4144ms (cache miss)
984 http fetch GET 200 https://registry.npmjs.org/@tailwindcss/postcss/-/postcss-4.2.1.tgz 4201ms (cache miss)
985 http fetch GET 200 https://registry.npmjs.org/doctrine/-/doctrine-2.1.0.tgz 4234ms (cache miss)
986 http fetch GET 200 https://registry.npmjs.org/for-each/-/for-each-0.3.5.tgz 4292ms (cache miss)
987 http fetch GET 200 https://registry.npmjs.org/browserslist/-/browserslist-4.28.8.tgz 4332ms (cache miss)
988 http fetch GET 200 https://registry.npmjs.org/get-proto/-/get-proto-1.0.1.tgz 4379ms (cache miss)
989 http fetch GET 200 https://registry.npmjs.org/@humanfs/node/-/node-0.16.8.tgz 4401ms (cache miss)
990 http fetch GET 200 https://registry.npmjs.org/@typescript-eslint/parser/-/parser-8.68.0.tgz 4439ms (cache miss)
991 http fetch GET 200 https://registry.npmjs.org/call-bind/-/call-bind-1.0.9.tgz 4463ms (cache miss)
992 http fetch GET 200 https://registry.npmjs.org/braces/-/braces-3.0.3.tgz 4505ms (cache miss)
993 http fetch GET 200 https://registry.npmjs.org/globals/-/globals-16.4.0.tgz 4461ms (cache miss)
994 http fetch GET 200 https://registry.npmjs.org/magic-string/-/magic-string-0.30.21.tgz 4608ms (cache miss)
995 http fetch GET 200 https://registry.npmjs.org/fastq/-/fastq-1.20.1.tgz 4596ms (cache miss)
996 http fetch GET 200 https://registry.npmjs.org/sharp 4453ms (cache miss)
997 silly packumentCache corgi:https://registry.npmjs.org/sharp set size:undefined disposed:false
998 http fetch GET 200 https://registry.npmjs.org/baseline-browser-mapping/-/baseline-browser-mapping-2.11.19.tgz 4670ms (cache miss)
999 http fetch GET 200 https://registry.npmjs.org/object.entries/-/object.entries-1.1.9.tgz 4767ms (cache miss)
1000 http fetch GET 200 https://registry.npmjs.org/@typescript-eslint/project-service/-/project-service-8.68.0.tgz 4695ms (cache miss)
1001 http fetch GET 200 https://registry.npmjs.org/has-tostringtag/-/has-tostringtag-1.0.2.tgz 4763ms (cache miss)
1002 http fetch GET 200 https://registry.npmjs.org/source-map-js/-/source-map-js-1.2.1.tgz 4822ms (cache miss)
1003 http fetch GET 200 https://registry.npmjs.org/electron-to-chromium/-/electron-to-chromium-1.5.415.tgz 4747ms (cache miss)
1004 http fetch GET 200 https://registry.npmjs.org/@humanwhocodes/retry/-/retry-0.4.3.tgz 4727ms (cache miss)
1005 http fetch GET 200 https://registry.npmjs.org/tapable/-/tapable-2.3.3.tgz 4903ms (cache miss)
1006 http fetch GET 200 https://registry.npmjs.org/async-function/-/async-function-1.0.0.tgz 4826ms (cache miss)
1007 http fetch GET 200 https://registry.npmjs.org/flatted/-/flatted-3.4.4.tgz 4868ms (cache miss)
1008 http fetch GET 200 https://registry.npmjs.org/object.assign/-/object.assign-4.1.7.tgz 4913ms (cache miss)
1009 http fetch GET 200 https://registry.npmjs.org/@babel/helper-validator-identifier/-/helper-validator-identifier-7.29.7.tgz 4805ms (cache miss)
1010 http fetch GET 200 https://registry.npmjs.org/debug/-/debug-3.2.7.tgz 4799ms (cache miss)
1011 http fetch GET 200 https://registry.npmjs.org/debug/-/debug-3.2.7.tgz 4820ms (cache miss)
1012 http fetch GET 200 https://registry.npmjs.org/debug/-/debug-3.2.7.tgz 4822ms (cache miss)
1013 http fetch GET 200 https://registry.npmjs.org/postcss 4750ms (cache miss)
1014 silly packumentCache corgi:https://registry.npmjs.org/postcss set size:undefined disposed:false
1015 http fetch GET 200 https://registry.npmjs.org/picomatch/-/picomatch-4.0.7.tgz 5081ms (cache miss)
1016 http fetch GET 200 https://registry.npmjs.org/emoji-regex/-/emoji-regex-9.2.2.tgz 5223ms (cache miss)
1017 http fetch GET 200 https://registry.npmjs.org/array.prototype.findlastindex/-/array.prototype.findlastindex-1.2.6.tgz 5251ms (cache miss)
1018 http fetch GET 200 https://registry.npmjs.org/@tailwindcss/node/-/node-4.2.1.tgz 5245ms (cache miss)
1019 http fetch GET 200 https://registry.npmjs.org/lightningcss/-/lightningcss-1.31.1.tgz 5350ms (cache miss)
1020 http fetch GET 200 https://registry.npmjs.org/@eslint-community/regexpp/-/regexpp-4.12.2.tgz 5263ms (cache miss)
1021 http fetch GET 200 https://registry.npmjs.org/eslint-scope/-/eslint-scope-8.4.0.tgz 5403ms (cache miss)
1022 http fetch GET 200 https://registry.npmjs.org/@eslint-community/eslint-utils/-/eslint-utils-4.10.1.tgz 5383ms (cache miss)
1023 http fetch GET 200 https://registry.npmjs.org/@eslint/plugin-kit/-/plugin-kit-0.4.1.tgz 5396ms (cache miss)
1024 http fetch GET 200 https://registry.npmjs.org/json5/-/json5-1.0.2.tgz 5436ms (cache miss)
1025 http fetch GET 200 https://registry.npmjs.org/nanoid/-/nanoid-3.3.18.tgz 5622ms (cache miss)
1026 http fetch GET 200 https://registry.npmjs.org/hermes-estree/-/hermes-estree-0.25.1.tgz 5603ms (cache miss)
1027 http fetch GET 200 https://registry.npmjs.org/acorn/-/acorn-8.18.0.tgz 5599ms (cache miss)
1028 http fetch GET 200 https://registry.npmjs.org/minimist/-/minimist-1.2.8.tgz 5706ms (cache miss)
1029 http fetch GET 200 https://registry.npmjs.org/undici-types/-/undici-types-6.21.0.tgz 5758ms (cache miss)
1030 http fetch GET 200 https://registry.npmjs.org/@typescript-eslint/types/-/types-8.68.0.tgz 5643ms (cache miss)
1031 http fetch GET 200 https://registry.npmjs.org/@napi-rs/wasm-runtime/-/wasm-runtime-1.2.3.tgz 5659ms (cache miss)
1032 http fetch GET 200 https://registry.npmjs.org/json5/-/json5-2.2.3.tgz 5788ms (cache miss)
1033 http fetch GET 200 https://registry.npmjs.org/csstype/-/csstype-3.2.3.tgz 5732ms (cache miss)
1034 http fetch GET 200 https://registry.npmjs.org/napi-postinstall/-/napi-postinstall-0.3.4.tgz 5851ms (cache miss)
1035 http fetch GET 200 https://registry.npmjs.org/styled-jsx/-/styled-jsx-5.1.6.tgz 5898ms (cache miss)
1036 http fetch GET 200 https://registry.npmjs.org/react/-/react-19.2.6.tgz 5971ms (cache miss)
1037 http fetch GET 200 https://registry.npmjs.org/@types/react/-/react-19.2.14.tgz 5873ms (cache miss)
1038 http fetch GET 200 https://registry.npmjs.org/@babel/helper-compilation-targets/-/helper-compilation-targets-7.29.7.tgz 5899ms (cache miss)
1039 http fetch GET 200 https://registry.npmjs.org/@babel/helper-module-transforms/-/helper-module-transforms-7.29.7.tgz 5996ms (cache miss)
1040 http fetch GET 200 https://registry.npmjs.org/@babel/template/-/template-7.29.7.tgz 6074ms (cache miss)
1041 http fetch GET 200 https://registry.npmjs.org/node-exports-info/-/node-exports-info-1.6.2.tgz 6264ms (cache miss)
1042 http fetch GET 200 https://registry.npmjs.org/math-intrinsics/-/math-intrinsics-1.1.0.tgz 6295ms (cache miss)
1043 http fetch GET 200 https://registry.npmjs.org/eslint-module-utils/-/eslint-module-utils-2.14.0.tgz 6252ms (cache miss)
1044 http fetch GET 200 https://registry.npmjs.org/@eslint/config-array/-/config-array-0.21.2.tgz 6245ms (cache miss)
1045 http fetch GET 200 https://registry.npmjs.org/esquery/-/esquery-1.7.0.tgz 6357ms (cache miss)
1046 http fetch GET 200 https://registry.npmjs.org/object-inspect/-/object-inspect-1.13.4.tgz 6502ms (cache miss)
1047 http fetch GET 200 https://registry.npmjs.org/@unrs/resolver-binding-win32-x64-msvc/-/resolver-binding-win32-x64-msvc-1.12.2.tgz 6658ms (cache miss)
1048 http fetch GET 200 https://registry.npmjs.org/sharp/-/sharp-0.34.5.tgz 6774ms (cache miss)
1049 http fetch GET 200 https://registry.npmjs.org/@jridgewell/sourcemap-codec/-/sourcemap-codec-1.5.5.tgz 6709ms (cache miss)
1050 http fetch GET 200 https://registry.npmjs.org/@babel/parser/-/parser-7.29.8.tgz 6824ms (cache miss)
1051 http fetch GET 200 https://registry.npmjs.org/tailwindcss/-/tailwindcss-4.2.1.tgz 7069ms (cache miss)
1052 http fetch GET 200 https://registry.npmjs.org/language-subtag-registry/-/language-subtag-registry-0.3.23.tgz 7049ms (cache miss)
1053 http fetch GET 200 https://registry.npmjs.org/jiti/-/jiti-2.7.0.tgz 7075ms (cache miss)
1054 http fetch GET 200 https://registry.npmjs.org/@jridgewell/gen-mapping/-/gen-mapping-0.3.13.tgz 7086ms (cache miss)
1055 http fetch GET 200 https://registry.npmjs.org/@tailwindcss/oxide-win32-x64-msvc/-/oxide-win32-x64-msvc-4.2.1.tgz 7559ms (cache miss)
1056 http fetch GET 200 https://registry.npmjs.org/@eslint/eslintrc/-/eslintrc-3.3.6.tgz 7565ms (cache miss)
1057 http fetch GET 200 https://registry.npmjs.org/js-yaml/-/js-yaml-4.3.2.tgz 7776ms (cache miss)
1058 http fetch GET 200 https://registry.npmjs.org/postcss/-/postcss-8.5.26.tgz 8130ms (cache miss)
1059 http fetch GET 200 https://registry.npmjs.org/eslint-plugin-react-hooks/-/eslint-plugin-react-hooks-7.1.1.tgz 8125ms (cache miss)
1060 http fetch GET 200 https://registry.npmjs.org/@typescript-eslint/type-utils/-/type-utils-8.68.0.tgz 8242ms (cache miss)
1061 http fetch GET 200 https://registry.npmjs.org/@jridgewell/trace-mapping/-/trace-mapping-0.3.31.tgz 8291ms (cache miss)
1062 http fetch GET 200 https://registry.npmjs.org/semver/-/semver-7.8.5.tgz 8322ms (cache miss)
1063 http fetch GET 200 https://registry.npmjs.org/semver/-/semver-7.8.5.tgz 8334ms (cache miss)
1064 http fetch GET 200 https://registry.npmjs.org/semver/-/semver-7.8.5.tgz 8335ms (cache miss)
1065 http fetch GET 200 https://registry.npmjs.org/uri-js/-/uri-js-4.4.1.tgz 8681ms (cache miss)
1066 http fetch GET 200 https://registry.npmjs.org/postcss/-/postcss-8.4.31.tgz 8569ms (cache miss)
1067 http fetch GET 200 https://registry.npmjs.org/@babel/generator/-/generator-7.29.8.tgz 8700ms (cache miss)
1068 http fetch GET 200 https://registry.npmjs.org/axe-core/-/axe-core-4.13.0.tgz 8773ms (cache miss)
1069 http fetch GET 200 https://registry.npmjs.org/@tybys/wasm-util/-/wasm-util-0.10.3.tgz 8846ms (cache miss)
1070 http fetch GET 200 https://registry.npmjs.org/enhanced-resolve/-/enhanced-resolve-5.24.5.tgz 8914ms (cache miss)
1071 http fetch GET 200 https://registry.npmjs.org/hermes-parser/-/hermes-parser-0.25.1.tgz 8979ms (cache miss)
1072 http fetch GET 200 https://registry.npmjs.org/@next/eslint-plugin-next/-/eslint-plugin-next-16.2.6.tgz 9118ms (cache miss)
1073 http fetch GET 200 https://registry.npmjs.org/fast-glob/-/fast-glob-3.3.1.tgz 9175ms (cache miss)
1074 http fetch GET 200 https://registry.npmjs.org/minimatch/-/minimatch-10.2.6.tgz 9290ms (cache miss)
1075 http fetch GET 200 https://registry.npmjs.org/tsconfig-paths/-/tsconfig-paths-3.15.0.tgz 9495ms (cache miss)
1076 http fetch GET 200 https://registry.npmjs.org/@types/node/-/node-22.19.19.tgz 9554ms (cache miss)
1077 http fetch GET 200 https://registry.npmjs.org/@babel/traverse/-/traverse-7.29.8.tgz 9821ms (cache miss)
1078 http fetch GET 200 https://registry.npmjs.org/lightningcss-win32-x64-msvc/-/lightningcss-win32-x64-msvc-1.31.1.tgz 10454ms (cache miss)
1079 http fetch GET 200 https://registry.npmjs.org/@typescript-eslint/utils/-/utils-8.68.0.tgz 10438ms (cache miss)
1080 http fetch GET 200 https://registry.npmjs.org/react-dom/-/react-dom-19.2.6.tgz 10549ms (cache miss)
1081 http fetch GET 200 https://registry.npmjs.org/@typescript-eslint/typescript-estree/-/typescript-estree-8.68.0.tgz 10461ms (cache miss)
1082 http fetch GET 200 https://registry.npmjs.org/ajv/-/ajv-6.15.0.tgz 10727ms (cache miss)
1083 http fetch GET 200 https://registry.npmjs.org/jsx-ast-utils/-/jsx-ast-utils-3.3.5.tgz 10970ms (cache miss)
1084 http fetch GET 200 https://registry.npmjs.org/resolve/-/resolve-2.0.0-next.7.tgz 11195ms (cache miss)
1085 http fetch GET 200 https://registry.npmjs.org/es-iterator-helpers/-/es-iterator-helpers-1.4.0.tgz 11404ms (cache miss)
1086 http fetch GET 200 https://registry.npmjs.org/eslint-plugin-import/-/eslint-plugin-import-2.32.0.tgz 12056ms (cache miss)
1087 http fetch GET 200 https://registry.npmjs.org/@babel/core/-/core-7.29.7.tgz 12042ms (cache miss)
1088 http fetch GET 200 https://registry.npmjs.org/axobject-query/-/axobject-query-4.1.0.tgz 12673ms (cache miss)
1089 http fetch GET 200 https://registry.npmjs.org/@img/sharp-win32-x64/-/sharp-win32-x64-0.34.5.tgz 13192ms (cache miss)
1090 http fetch GET 200 https://registry.npmjs.org/next 13193ms (cache miss)
1091 silly packumentCache corgi:https://registry.npmjs.org/next set size:undefined disposed:false
1092 http fetch GET 200 https://registry.npmjs.org/@babel/types/-/types-7.29.8.tgz 17520ms (cache miss)
1093 http fetch GET 200 https://registry.npmjs.org/aria-query/-/aria-query-5.3.2.tgz 17929ms (cache miss)
1094 http fetch GET 200 https://registry.npmjs.org/eslint-plugin-jsx-a11y/-/eslint-plugin-jsx-a11y-6.10.2.tgz 18605ms (cache miss)
1095 http fetch GET 200 https://registry.npmjs.org/@babel/helpers/-/helpers-7.29.7.tgz 18630ms (cache miss)
1096 http fetch GET 200 https://registry.npmjs.org/typescript/-/typescript-5.9.3.tgz 19175ms (cache miss)
1097 http fetch GET 200 https://registry.npmjs.org/@swc/helpers/-/helpers-0.5.15.tgz 19850ms (cache miss)
1098 http fetch GET 200 https://registry.npmjs.org/@typescript-eslint/scope-manager/-/scope-manager-8.68.0.tgz 20089ms (cache miss)
1099 http fetch GET 200 https://registry.npmjs.org/eslint-plugin-react/-/eslint-plugin-react-7.37.5.tgz 20588ms (cache miss)
1100 http fetch GET 200 https://registry.npmjs.org/eslint/-/eslint-9.39.4.tgz 21356ms (cache miss)
1101 warn deprecated eslint@9.39.4: This version is no longer supported. Please see https://eslint.org/version-support for other options.
1102 http fetch GET 200 https://registry.npmjs.org/@typescript-eslint/eslint-plugin/-/eslint-plugin-8.68.0.tgz 21734ms (cache miss)
1103 http fetch GET 200 https://registry.npmjs.org/zod/-/zod-4.4.3.tgz 24044ms (cache miss)
1104 http fetch GET 200 https://registry.npmjs.org/@next/swc-win32-x64-msvc/-/swc-win32-x64-msvc-16.2.6.tgz 23946ms (cache miss)
1105 http fetch GET 200 https://registry.npmjs.org/caniuse-lite/-/caniuse-lite-1.0.30001810.tgz 24259ms (cache miss)
1106 http fetch GET 200 https://registry.npmjs.org/es-abstract/-/es-abstract-1.24.2.tgz 33763ms (cache miss)
1107 http fetch GET 200 https://registry.npmjs.org/next/-/next-16.2.6.tgz 101092ms (cache miss)
1108 info run sharp@0.34.5 install node_modules/sharp node install/check.js || npm run build
1109 info run sharp@0.34.5 install { code: 0, signal: null }
1110 info run unrs-resolver@1.12.2 postinstall node_modules/unrs-resolver node postinstall.js
1111 info run unrs-resolver@1.12.2 postinstall { code: 0, signal: null }
1112 silly ADD node_modules/zod-validation-error
1113 silly ADD node_modules/zod
1114 silly ADD node_modules/yocto-queue
1115 silly ADD node_modules/yallist
1116 silly ADD node_modules/word-wrap
1117 silly ADD node_modules/which-typed-array
1118 silly ADD node_modules/which-collection
1119 silly ADD node_modules/which-builtin-type
1120 silly ADD node_modules/which-boxed-primitive
1121 silly ADD node_modules/which
1122 silly ADD node_modules/uri-js
1123 silly ADD node_modules/update-browserslist-db
1124 silly ADD node_modules/unrs-resolver
1125 silly ADD node_modules/undici-types
1126 silly ADD node_modules/unbox-primitive
1127 silly ADD node_modules/typescript-eslint
1128 silly ADD node_modules/typescript
1129 silly ADD node_modules/typed-array-length
1130 silly ADD node_modules/typed-array-byte-offset
1131 silly ADD node_modules/typed-array-byte-length
1132 silly ADD node_modules/typed-array-buffer
1133 silly ADD node_modules/type-check
1134 silly ADD node_modules/tslib
1135 silly ADD node_modules/tsconfig-paths
1136 silly ADD node_modules/tsconfig-paths/node_modules/json5
1137 silly ADD node_modules/ts-api-utils
1138 silly ADD node_modules/to-regex-range
1139 silly ADD node_modules/tinyglobby
1140 silly ADD node_modules/tinyglobby/node_modules/picomatch
1141 silly ADD node_modules/tinyglobby/node_modules/fdir
1142 silly ADD node_modules/tapable
1143 silly ADD node_modules/tailwindcss
1144 silly ADD node_modules/supports-preserve-symlinks-flag
1145 silly ADD node_modules/supports-color
1146 silly ADD node_modules/styled-jsx
1147 silly ADD node_modules/strip-json-comments
1148 silly ADD node_modules/strip-bom
1149 silly ADD node_modules/string.prototype.trimstart
1150 silly ADD node_modules/string.prototype.trimend
1151 silly ADD node_modules/string.prototype.trim
1152 silly ADD node_modules/string.prototype.repeat
1153 silly ADD node_modules/string.prototype.matchall
1154 silly ADD node_modules/string.prototype.includes
1155 silly ADD node_modules/stop-iteration-iterator
1156 silly ADD node_modules/stable-hash
1157 silly ADD node_modules/source-map-js
1158 silly ADD node_modules/side-channel-weakmap
1159 silly ADD node_modules/side-channel-map
1160 silly ADD node_modules/side-channel-list
1161 silly ADD node_modules/side-channel
1162 silly ADD node_modules/shebang-regex
1163 silly ADD node_modules/shebang-command
1164 silly ADD node_modules/sharp
1165 silly ADD node_modules/sharp/node_modules/semver
1166 silly ADD node_modules/set-proto
1167 silly ADD node_modules/set-function-name
1168 silly ADD node_modules/set-function-length
1169 silly ADD node_modules/semver
1170 silly ADD node_modules/scheduler
1171 silly ADD node_modules/safe-regex-test
1172 silly ADD node_modules/safe-push-apply
1173 silly ADD node_modules/safe-array-concat
1174 silly ADD node_modules/run-parallel
1175 silly ADD node_modules/reusify
1176 silly ADD node_modules/resolve-pkg-maps
1177 silly ADD node_modules/resolve-from
1178 silly ADD node_modules/resolve
1179 silly ADD node_modules/regexp.prototype.flags
1180 silly ADD node_modules/reflect.getprototypeof
1181 silly ADD node_modules/react-is
1182 silly ADD node_modules/react-dom
1183 silly ADD node_modules/react
1184 silly ADD node_modules/queue-microtask
1185 silly ADD node_modules/punycode
1186 silly ADD node_modules/prop-types
1187 silly ADD node_modules/prelude-ls
1188 silly ADD node_modules/postcss
1189 silly ADD node_modules/possible-typed-array-names
1190 silly ADD node_modules/picomatch
1191 silly ADD node_modules/picocolors
1192 silly ADD node_modules/path-parse
1193 silly ADD node_modules/path-key
1194 silly ADD node_modules/path-exists
1195 silly ADD node_modules/parent-module
1196 silly ADD node_modules/p-locate
1197 silly ADD node_modules/p-limit
1198 silly ADD node_modules/own-keys
1199 silly ADD node_modules/optionator
1200 silly ADD node_modules/object.values
1201 silly ADD node_modules/object.groupby
1202 silly ADD node_modules/object.fromentries
1203 silly ADD node_modules/object.entries
1204 silly ADD node_modules/object.assign
1205 silly ADD node_modules/object-keys
1206 silly ADD node_modules/object-inspect
1207 silly ADD node_modules/object-assign
1208 silly ADD node_modules/node-releases
1209 silly ADD node_modules/node-exports-info
1210 silly ADD node_modules/next
1211 silly ADD node_modules/next/node_modules/postcss
1212 silly ADD node_modules/natural-compare
1213 silly ADD node_modules/napi-postinstall
1214 silly ADD node_modules/nanoid
1215 silly ADD node_modules/ms
1216 silly ADD node_modules/minimist
1217 silly ADD node_modules/minimatch
1218 silly ADD node_modules/micromatch
1219 silly ADD node_modules/merge2
1220 silly ADD node_modules/math-intrinsics
1221 silly ADD node_modules/magic-string
1222 silly ADD node_modules/lru-cache
1223 silly ADD node_modules/loose-envify
1224 silly ADD node_modules/lodash.merge
1225 silly ADD node_modules/locate-path
1226 silly ADD node_modules/lightningcss-win32-x64-msvc
1227 silly ADD node_modules/lightningcss
1228 silly ADD node_modules/levn
1229 silly ADD node_modules/language-tags
1230 silly ADD node_modules/language-subtag-registry
1231 silly ADD node_modules/keyv
1232 silly ADD node_modules/jsx-ast-utils
1233 silly ADD node_modules/json5
1234 silly ADD node_modules/json-stable-stringify-without-jsonify
1235 silly ADD node_modules/json-schema-traverse
1236 silly ADD node_modules/json-buffer
1237 silly ADD node_modules/jsesc
1238 silly ADD node_modules/js-yaml
1239 silly ADD node_modules/js-tokens
1240 silly ADD node_modules/jiti
1241 silly ADD node_modules/iterator.prototype
1242 silly ADD node_modules/isexe
1243 silly ADD node_modules/isarray
1244 silly ADD node_modules/is-weakset
1245 silly ADD node_modules/is-weakref
1246 silly ADD node_modules/is-weakmap
1247 silly ADD node_modules/is-typed-array
1248 silly ADD node_modules/is-symbol
1249 silly ADD node_modules/is-string
1250 silly ADD node_modules/is-shared-array-buffer
1251 silly ADD node_modules/is-set
1252 silly ADD node_modules/is-regex
1253 silly ADD node_modules/is-number-object
1254 silly ADD node_modules/is-number
1255 silly ADD node_modules/is-negative-zero
1256 silly ADD node_modules/is-map
1257 silly ADD node_modules/is-glob
1258 silly ADD node_modules/is-generator-function
1259 silly ADD node_modules/is-finalizationregistry
1260 silly ADD node_modules/is-extglob
1261 silly ADD node_modules/is-document.all
1262 silly ADD node_modules/is-date-object
1263 silly ADD node_modules/is-data-view
1264 silly ADD node_modules/is-core-module
1265 silly ADD node_modules/is-callable
1266 silly ADD node_modules/is-bun-module
1267 silly ADD node_modules/is-bun-module/node_modules/semver
1268 silly ADD node_modules/is-boolean-object
1269 silly ADD node_modules/is-bigint
1270 silly ADD node_modules/is-async-function
1271 silly ADD node_modules/is-array-buffer
1272 silly ADD node_modules/internal-slot
1273 silly ADD node_modules/imurmurhash
1274 silly ADD node_modules/import-fresh
1275 silly ADD node_modules/ignore
1276 silly ADD node_modules/hermes-parser
1277 silly ADD node_modules/hermes-estree
1278 silly ADD node_modules/hasown
1279 silly ADD node_modules/has-tostringtag
1280 silly ADD node_modules/has-symbols
1281 silly ADD node_modules/has-proto
1282 silly ADD node_modules/has-property-descriptors
1283 silly ADD node_modules/has-flag
1284 silly ADD node_modules/has-bigints
1285 silly ADD node_modules/graceful-fs
1286 silly ADD node_modules/gopd
1287 silly ADD node_modules/globalthis
1288 silly ADD node_modules/globals
1289 silly ADD node_modules/glob-parent
1290 silly ADD node_modules/get-tsconfig
1291 silly ADD node_modules/get-symbol-description
1292 silly ADD node_modules/get-proto
1293 silly ADD node_modules/get-intrinsic
1294 silly ADD node_modules/gensync
1295 silly ADD node_modules/generator-function
1296 silly ADD node_modules/functions-have-names
1297 silly ADD node_modules/function.prototype.name
1298 silly ADD node_modules/function-bind
1299 silly ADD node_modules/for-each
1300 silly ADD node_modules/flatted
1301 silly ADD node_modules/flat-cache
1302 silly ADD node_modules/find-up
1303 silly ADD node_modules/fill-range
1304 silly ADD node_modules/file-entry-cache
1305 silly ADD node_modules/fastq
1306 silly ADD node_modules/fast-levenshtein
1307 silly ADD node_modules/fast-json-stable-stringify
1308 silly ADD node_modules/fast-glob
1309 silly ADD node_modules/fast-glob/node_modules/glob-parent
1310 silly ADD node_modules/fast-deep-equal
1311 silly ADD node_modules/esutils
1312 silly ADD node_modules/estraverse
1313 silly ADD node_modules/esrecurse
1314 silly ADD node_modules/esquery
1315 silly ADD node_modules/espree
1316 silly ADD node_modules/eslint-visitor-keys
1317 silly ADD node_modules/eslint-scope
1318 silly ADD node_modules/eslint-plugin-react-hooks
1319 silly ADD node_modules/eslint-plugin-react
1320 silly ADD node_modules/eslint-plugin-import
1321 silly ADD node_modules/eslint-plugin-import/node_modules/debug
1322 silly ADD node_modules/eslint-module-utils
1323 silly ADD node_modules/eslint-module-utils/node_modules/debug
1324 silly ADD node_modules/eslint-import-resolver-typescript
1325 silly ADD node_modules/eslint-import-resolver-node
1326 silly ADD node_modules/eslint-import-resolver-node/node_modules/debug
1327 silly ADD node_modules/eslint-config-next
1328 silly ADD node_modules/eslint-config-next/node_modules/globals
1329 silly ADD node_modules/escape-string-regexp
1330 silly ADD node_modules/escalade
1331 silly ADD node_modules/es-to-primitive
1332 silly ADD node_modules/es-shim-unscopables
1333 silly ADD node_modules/es-set-tostringtag
1334 silly ADD node_modules/es-object-atoms
1335 silly ADD node_modules/es-iterator-helpers
1336 silly ADD node_modules/es-errors
1337 silly ADD node_modules/es-define-property
1338 silly ADD node_modules/es-abstract-get
1339 silly ADD node_modules/es-abstract
1340 silly ADD node_modules/enhanced-resolve
1341 silly ADD node_modules/emoji-regex
1342 silly ADD node_modules/electron-to-chromium
1343 silly ADD node_modules/dunder-proto
1344 silly ADD node_modules/doctrine
1345 silly ADD node_modules/detect-libc
1346 silly ADD node_modules/define-properties
1347 silly ADD node_modules/define-data-property
1348 silly ADD node_modules/deep-is
1349 silly ADD node_modules/debug
1350 silly ADD node_modules/data-view-byte-offset
1351 silly ADD node_modules/data-view-byte-length
1352 silly ADD node_modules/data-view-buffer
1353 silly ADD node_modules/damerau-levenshtein
1354 silly ADD node_modules/csstype
1355 silly ADD node_modules/cross-spawn
1356 silly ADD node_modules/convert-source-map
1357 silly ADD node_modules/concat-map
1358 silly ADD node_modules/color-name
1359 silly ADD node_modules/color-convert
1360 silly ADD node_modules/client-only
1361 silly ADD node_modules/chalk
1362 silly ADD node_modules/caniuse-lite
1363 silly ADD node_modules/callsites
1364 silly ADD node_modules/call-bound
1365 silly ADD node_modules/call-bind-apply-helpers
1366 silly ADD node_modules/call-bind
1367 silly ADD node_modules/browserslist
1368 silly ADD node_modules/braces
1369 silly ADD node_modules/brace-expansion
1370 silly ADD node_modules/baseline-browser-mapping
1371 silly ADD node_modules/balanced-match
1372 silly ADD node_modules/axobject-query
1373 silly ADD node_modules/axe-core
1374 silly ADD node_modules/available-typed-arrays
1375 silly ADD node_modules/async-function
1376 silly ADD node_modules/ast-types-flow
1377 silly ADD node_modules/arraybuffer.prototype.slice
1378 silly ADD node_modules/array.prototype.tosorted
1379 silly ADD node_modules/array.prototype.flatmap
1380 silly ADD node_modules/array.prototype.flat
1381 silly ADD node_modules/array.prototype.findlastindex
1382 silly ADD node_modules/array.prototype.findlast
1383 silly ADD node_modules/array-includes
1384 silly ADD node_modules/array-buffer-byte-length
1385 silly ADD node_modules/aria-query
1386 silly ADD node_modules/argparse
1387 silly ADD node_modules/ansi-styles
1388 silly ADD node_modules/ajv
1389 silly ADD node_modules/acorn-jsx
1390 silly ADD node_modules/acorn
1391 silly ADD node_modules/@unrs/resolver-binding-win32-x64-msvc
1392 silly ADD node_modules/@typescript-eslint/visitor-keys
1393 silly ADD node_modules/@typescript-eslint/visitor-keys/node_modules/eslint-visitor-keys
1394 silly ADD node_modules/@typescript-eslint/utils
1395 silly ADD node_modules/@typescript-eslint/typescript-estree
1396 silly ADD node_modules/@typescript-eslint/typescript-estree/node_modules/semver
1397 silly ADD node_modules/@typescript-eslint/typescript-estree/node_modules/minimatch
1398 silly ADD node_modules/@typescript-eslint/typescript-estree/node_modules/brace-expansion
1399 silly ADD node_modules/@typescript-eslint/typescript-estree/node_modules/balanced-match
1400 silly ADD node_modules/@typescript-eslint/types
1401 silly ADD node_modules/@typescript-eslint/type-utils
1402 silly ADD node_modules/@typescript-eslint/tsconfig-utils
1403 silly ADD node_modules/@typescript-eslint/scope-manager
1404 silly ADD node_modules/@typescript-eslint/project-service
1405 silly ADD node_modules/@typescript-eslint/parser
1406 silly ADD node_modules/@types/react-dom
1407 silly ADD node_modules/@types/react
1408 silly ADD node_modules/@types/node
1409 silly ADD node_modules/@types/json5
1410 silly ADD node_modules/@types/json-schema
1411 silly ADD node_modules/@types/estree
1412 silly ADD node_modules/@tybys/wasm-util
1413 silly ADD node_modules/@tailwindcss/postcss
1414 silly ADD node_modules/@tailwindcss/oxide-win32-x64-msvc
1415 silly ADD node_modules/@tailwindcss/oxide
1416 silly ADD node_modules/@tailwindcss/node
1417 silly ADD node_modules/@swc/helpers
1418 silly ADD node_modules/@rtsao/scc
1419 silly ADD node_modules/@nolyfill/is-core-module
1420 silly ADD node_modules/@nodelib/fs.walk
1421 silly ADD node_modules/@nodelib/fs.stat
1422 silly ADD node_modules/@nodelib/fs.scandir
1423 silly ADD node_modules/@next/swc-win32-x64-msvc
1424 silly ADD node_modules/@next/eslint-plugin-next
1425 silly ADD node_modules/@next/env
1426 silly ADD node_modules/@napi-rs/wasm-runtime
1427 silly ADD node_modules/@jridgewell/trace-mapping
1428 silly ADD node_modules/@jridgewell/sourcemap-codec
1429 silly ADD node_modules/@jridgewell/resolve-uri
1430 silly ADD node_modules/@jridgewell/remapping
1431 silly ADD node_modules/@jridgewell/gen-mapping
1432 silly ADD node_modules/@img/sharp-win32-x64
1433 silly ADD node_modules/@img/colour
1434 silly ADD node_modules/@humanwhocodes/retry
1435 silly ADD node_modules/@humanwhocodes/module-importer
1436 silly ADD node_modules/@humanfs/types
1437 silly ADD node_modules/@humanfs/node
1438 silly ADD node_modules/@humanfs/core
1439 silly ADD node_modules/@eslint/plugin-kit
1440 silly ADD node_modules/@eslint/object-schema
1441 silly ADD node_modules/@eslint/js
1442 silly ADD node_modules/@eslint/eslintrc
1443 silly ADD node_modules/@eslint/core
1444 silly ADD node_modules/@eslint/config-helpers
1445 silly ADD node_modules/@eslint/config-array
1446 silly ADD node_modules/@eslint-community/regexpp
1447 silly ADD node_modules/@eslint-community/eslint-utils
1448 silly ADD node_modules/@eslint-community/eslint-utils/node_modules/eslint-visitor-keys
1449 silly ADD node_modules/@babel/traverse
1450 silly ADD node_modules/@babel/template
1451 silly ADD node_modules/@babel/parser
1452 silly ADD node_modules/@babel/helper-validator-option
1453 silly ADD node_modules/@babel/helper-validator-identifier
1454 silly ADD node_modules/@babel/helper-string-parser
1455 silly ADD node_modules/@babel/helper-module-transforms
1456 silly ADD node_modules/@babel/helper-module-imports
1457 silly ADD node_modules/@babel/helper-globals
1458 silly ADD node_modules/@babel/helper-compilation-targets
1459 silly ADD node_modules/@babel/generator
1460 silly ADD node_modules/@babel/core
1461 silly ADD node_modules/@babel/compat-data
1462 silly ADD node_modules/@babel/code-frame
1463 silly ADD node_modules/@alloc/quick-lru
1464 silly CHANGE node_modules/@typescript-eslint/eslint-plugin
1465 silly ADD node_modules/@typescript-eslint/eslint-plugin/node_modules/ignore
1466 silly CHANGE node_modules/@babel/helpers
1467 silly CHANGE node_modules/eslint-plugin-jsx-a11y
1468 silly CHANGE node_modules/@babel/types
1469 silly CHANGE node_modules/eslint
1470 verbose cwd C:\Users\yatsusak\Documents\#packages\YukiAtsusaka.github.io
1471 verbose os Windows_NT 10.0.26200
1472 verbose node v24.13.0
1473 verbose npm  v11.6.2
1474 notice
1474 notice New minor version of npm available! 11.6.2 -> 11.19.1
1474 notice Changelog: https://github.com/npm/cli/releases/tag/v11.19.1
1474 notice To update run: npm install -g npm@11.19.1
1474 notice  { force: true, Symbol(proc-log.meta): true }
1475 verbose exit 0
1476 info ok
